ShipmentCount,StandardWeightInKG
9,15
10,11
11,14462
17,4
7,35
7,49
8,24
9,11
9,55
22,14462
25,4
7,5291
7,4
9,20
10,11
16,15
33,4
7,4
7,2
8,7
8,11
10,24
10,44
19,4
7,15
7,20
7,31
8,1
10,11
22,4
7,49
9,25045
9,4
9,11
9,24
13,15
14,1960
16,7
8,15
10,11
8,4
8,18
9,9
12,13605
7,24
8,2
8,13605
10,11
7,3
7,20
7,24
8,9
8,15
10,4
11,2
11,4
14,13605
8,2
9,49
16,4
16,15
17,13605
7,2
7,20
7,24
8,37
8,97
9,2
9,9
9,33
10,11
14,15
18,4
20,13605
7,2
8,11
8,24
11,15
14,4
17,13605
8,4
8,9
18,2
18,13605
23,15
7,4
7,29
9,11
10,13605
12,15
14,14462
24,2
7,11
8,4
9,2
11,20
24,14462
7,2
12,4
17,14462
7,4
7,1093
8,882
8,11
9,4
8,4
8,7
11,11
7,20
8,4
9,4
10,11
14,7
7,2
8,7
11,4
12,11
12,15
13,9
7,4
7,11
7,15
7,24
10,2
10,20
7,2
7,9
8,7
8,35
8,49
9,40
11,15
11,44
12,24
15,4
16,11
17,20
19,7
7,2
8,4
8,7
12,4
9,15
9,49
9,1
7,1
9,1
7,4
13,1
7,1
8,2
7,4
9,1
9,1
7,10050
9,157
7,10650
7,39
7,10650
7,10500
7,1
9,1650
7,260
8,10650
11,1650
7,10
10,39
10,10050
7,10050
8,49
8,1650
9,1650
12,287
7,11
7,15
7,55
7,832
7,9
7,13
7,573
8,6
8,8
8,606
8,728
8,3
9,10
10,5
11,4
11,2
13,1500
13,1
15,3000
16,496
18,3
19,2
33,1
7,65
7,13206
7,7
7,9
7,106
7,1000
7,3000
8,8
8,14
8,46
8,18
8,728
8,2
8,3
10,5
10,2
10,2
11,6
12,496
13,606
14,4
16,1700
17,4
18,2
23,3
25,1
7,9
7,11
7,13
7,17
7,23
7,58
7,71
7,2
7,7
7,485
7,3
8,4
8,19
8,38
8,53
8,77
8,225
9,37
9,728
9,3000
10,6
10,595
10,2
11,8
11,4
12,5
12,7
12,1102
13,1
14,606
22,2
22,496
26,3
47,1
7,9
7,33
7,47
7,57
7,66
7,71
7,75
7,35
7,91
8,5
8,56
8,77
8,101
8,2
8,606
9,10
10,728
11,6
11,29
11,42
11,60
11,1
11,3
12,4
12,7
12,15
12,4
12,3000
13,2
13,2
15,3
18,496
26,1
7,4
7,20
7,48
7,4
7,3
8,507
11,7
11,92
12,2
12,3000
12,1
13,3
16,1
17,496
18,200
7,4
7,12
7,15
7,97
7,98
9,96
10,2
13,4
14,3000
15,3
16,606
18,496
19,2
19,1
21,1
7,4
7,485
7,606
8,496
13,3000
14,2
14,1
14,2
16,1
17,3
19,4
7,4
7,7
9,5
9,9557
11,606
12,485
13,3
14,4
15,2
20,496
25,1
26,2
33,3
46,1
7,88
7,100
7,3
7,4
8,32
9,5
9,8
9,2
10,3
10,4
10,496
15,2
16,1
28,1
7,5
7,6
7,15
7,17
7,90
7,91
8,11
8,7
9,4
9,7
9,3
10,3
10,92
10,2
11,606
20,1
21,2
21,496
30,1
7,4
7,5
7,606
7,4
7,7
8,4
9,102
10,15
11,595
12,728
13,2
14,2
14,3
15,496
18,3000
20,1
28,1
7,38
7,1
8,728
9,4
10,3
10,3
12,4
12,3000
13,2
14,20
14,1700
16,2
16,496
17,1
18,1
7,1
7,86
8,5
8,595
8,1500
9,3
9,4
10,3000
11,728
15,2
15,1
17,92
20,2
22,496
23,1
7,1673
7,11
7,485
7,595
7,1781
8,14
8,2
9,4
9,728
9,2
11,5
11,4
13,1
14,2
15,3
17,3
17,2
20,1
20,496
39,1
7,6
7,104
8,7
8,12
8,15
8,40
8,99
8,86
8,1700
9,4
9,5
9,4
9,106
9,88
9,4
10,3
10,2
10,728
11,573
11,87
12,2
13,1
13,3
14,496
16,3000
19,1
7,4
7,6
7,104
7,2
8,3
9,7
9,4
10,728
11,496
13,92
15,2
16,110
17,3
17,1
19,1
7,6
7,344
7,2
8,7
8,2
9,8
9,200
10,1
11,606
12,4
12,3
13,2
15,496
16,1700
16,3000
18,3
20,1
7,240
7,6
11,728
11,2
13,496
13,4
14,1
14,200
15,7
20,2
21,5
24,1
29,4
35,3
52,3
7,240
7,573
7,578
7,608
7,728
9,496
9,569
9,8
10,9
11,333
11,476
11,4
12,337
12,485
13,5
13,2
14,1
14,1
17,2
30,3
34,1
50,4
83,2
134,3
7,562
7,569
7,573
7,584
10,2
10,3
11,1
13,485
15,1
18,4
24,2
25,3
7,4
7,3
8,728
8,4
9,606
11,1
11,485
15,2
19,496
29,1
40,3
7,1239
7,4
7,745
8,6
8,1246
8,1268
10,1241
12,2
12,1257
12,496
13,4
15,2
16,1
18,2
18,4
22,3
27,3
38,1
7,11
11,496
12,1
12,3
13,1
15,1213
24,2
7,1232
7,1248
7,9
7,26
7,573
7,2
8,11
8,1246
8,22
8,485
9,4
9,1219
11,4
13,2
13,496
15,1
24,3
25,1
26,1213
7,3
8,2
8,4
8,4
9,3
11,22
12,2
12,2
13,92
15,1
19,1
27,496
7,8
7,507
7,118
7,12831
7,7
7,11
7,485
7,200
7,3000
7,3
7,8
8,3
8,157
8,2
9,1224
9,4
10,92
13,1221
14,1
17,496
18,1
21,2
25,1
7,2
7,6
7,487
7,90
7,92
7,4
8,8
8,11
8,13
8,2
9,4
9,7
9,3000
9,3
10,4
10,7
12,606
17,496
20,1
34,1
8,3
8,3
8,4
9,4
9,7
10,4
11,496
13,2
13,200
13,3000
14,1
17,2
19,1
7,4
7,2
7,4
7,9
7,485
7,1
7,4
7,7
9,606
9,200
10,3
14,2
19,2
19,496
21,1
7,485
8,739
8,9
8,14
8,3
9,12
9,4
9,1
10,492
10,611
10,10
10,1
10,2
11,3
11,13
13,4
15,2
18,5
7,1
7,2
7,2
7,567
7,12
7,5
8,485
8,6
8,9
8,1
9,1
9,10
10,4
10,496
10,5
10,3
10,6
11,4
14,1
16,2
18,4
23,1
25,1
7,507
7,11
7,3
7,7
8,611
8,12
8,4
10,496
10,5
10,6
12,9
12,2
14,3
14,4
14,10
23,1
7,163
7,503
7,608
7,3
7,4
7,6
8,7
8,2
10,7
11,1544
12,2
13,496
21,1
7,6
7,8
7,9
7,25
7,33
7,39
7,43
7,50
7,96
7,494
7,7
7,1440
8,11
8,15
8,37
8,38
8,485
8,2
9,7
9,3
9,6
9,200
10,7
10,29
10,78
10,9
11,2
11,5
11,5
13,4
13,12
13,13
15,1
15,2
15,4
19,3
21,3
28,1
35,4
35,2
7,13
7,487
7,3
8,1
8,3
8,11
9,6
9,9
10,4
10,7
19,1
20,4
23,2
27,13
7,7
7,8
7,5
8,4
8,6
9,496
9,569
10,7
11,11
13,1544
14,4
15,1
18,3
20,2
7,608
7,613
7,4
8,496
8,505
8,573
8,6
8,12
9,7
9,2
12,2
14,3
15,11
17,1
20,3
7,3
7,584
7,606
7,8
7,15
8,10
8,12
9,6
11,11
11,496
12,9
13,5
14,3
14,4
18,2
21,1
24,4
33,5
55,2
76,3
7,3
7,9
7,15
7,66
7,6
7,1360
8,22
8,485
8,3
9,4
9,200
10,5
12,11
12,5
25,4
26,3
27,1
27,2
29,2
36,3
7,22
7,240
7,15
7,611
7,5
9,7
9,4
10,728
10,130
13,2
13,4
14,3
16,5
20,1
23,1
37,2
66,3
7,485
7,9
8,3000
11,5
14,496
14,4
17,1
17,4
18,3
25,2
37,2
54,3
7,240
7,4
8,7
8,2
8,9
8,12
9,611
9,16
10,4
12,485
14,12
14,3
20,2
32,1
7,8
7,200
7,6
7,10
8,728
8,11
8,5
8,8
9,6
9,3
10,3
10,9
10,13
11,44
11,5
11,15
12,2
13,611
15,4
16,4
25,2
28,12
29,1
7,11
7,397
7,7
7,17
8,518
8,3351
8,1
8,44
9,1
9,4
9,992
9,9
10,4
13,661
13,2
15,2
15,331
19,2
19,18
7,7
7,9
8,606
8,992
8,3
9,661
9,46
9,2
10,15
15,331
17,4
18,2
21,3351
7,7
7,11
7,20
7,106
7,496
7,1
7,4
7,2
7,1
8,4
8,18
8,2513
9,661
9,26
11,9
11,9
11,243
12,7
16,4
16,331
25,2
7,3
7,4
7,375
7,992
7,1
7,88
8,606
8,4
8,26
8,29
9,2
9,11
10,7
10,2
10,4
11,9
16,331
19,661
23,342
7,2
7,3
7,5
7,4
7,728
7,794
7,34
7,4
8,331
8,661
9,1
9,2
11,243
12,4
7,4
8,2
8,11
9,3
10,2
11,4
11,22
15,4
18,1
19,9
36,2
8,1
8,3
9,2
11,2
7,9
7,2
7,9
7,6
7,12
8,4
8,4
8,1179
8,243
10,3
12,7
21,2
7,40
7,2
7,331
7,1
7,2
8,9
8,661
9,243
9,4
9,13
10,9
13,7
14,1
14,2
18,2
7,214
7,5
7,1
7,6
7,9
7,26
8,4
8,2
9,11
12,1
7,1
7,13
8,2
8,11
8,353
8,992
8,3
9,2756
9,9
9,4
10,4
16,331
8,2756
8,9
8,507
8,209
8,4
9,1
9,187
9,728
9,3
10,331
11,11
12,9
27,342
7,1
7,6
7,2
7,4
8,198
8,342
9,106
7,4
7,4
7,9
7,49
7,110
7,198
7,1
8,7
8,106
8,3
8,518
8,6
9,3
9,8
11,507
13,1
14,10
16,661
22,331
7,2
7,375
7,1545
7,19
7,2
7,4
7,18
8,1
8,4
8,507
8,13
8,661
8,1488
8,55
9,2
9,331
10,9
10,606
10,1
13,7
13,106
7,31
7,375
7,3
7,11
8,1
8,485
8,331
8,1323
9,507
9,529
9,2
10,15
10,661
11,55
7,7
7,154
7,220
7,29
8,243
9,15
9,4
9,794
9,4
10,22
11,2
15,661
16,2
7,9
8,2
10,2
18,2
7,90
8,2
9,3
10,1
11,7
32,2
7,61
8,1
13,2
14,9
23,2
7,30
8,9
10,1
11,320
35,2
7,8
8,30
8,1
8,4
9,10
10,2
13,1
7,1
7,2
7,9
14,4
7,10
7,3
7,4
7,1
7,2
7,4
7,5
8,320
8,26
10,1
7,11
7,1
7,320
8,2
8,2
10,1
12,2
14,9
19,3197
37,4
7,10
8,320
10,1
10,1
12,9
17,2
33,4
7,7
7,22
8,375
9,320
10,1
10,9
12,4
40,2
7,1
8,4
10,4
13,9
14,2
7,3
7,276
7,320
7,68
8,4
8,86
8,6
9,9
11,2
11,1
24,2
7,3
7,1
8,7
9,2
10,79
10,46
11,9
14,1
7,2
8,9
8,1
8,6
9,117
9,5
10,1
10,4
14,0
7,2072
7,9
7,4
8,7
10,1
10,9
7,66
7,2138
7,7
9,1
9,1
11,46
7,4
8,1
11,1
12,2
7,1
8,2
7,2
8,3
8,9
9,2
11,1
12,1
17,2
7,8
8,1
10,2
14,9
17,1
24,2
7,6
8,8
9,1
9,4
10,2
12,1
13,9
19,2
7,2
9,2
10,7
10,4
10,4
11,1
12,11
14,4
14,9
15,1
18,2
40,2
7,2
7,18
10,4
10,1
10,9
12,2
12,2
14,1
7,2
7,4
8,1
9,11
11,2
11,2
12,1
14,7
28,9
8,4
8,1
12,3
14,1
7,4
7,7
8,3
13,1
15,1
8,157
7,150
7,176
8,165
7,265
7,152
11,198
7,159
7,176
8,194
7,2
7,2
7,157
7,212
8,154
9,176
7,441
9,150
7,243
8,146
8,220
8,238
9,198
9,212
11,152
7,154
7,320
7,324
9,150
7,7
7,146
8,4
8,163
11,2
7,154
7,159
7,176
7,331
9,2
7,198
8,159
7,300
9,154
7,150
7,364
8,159
7,154
7,154
7,163
7,179
7,165
8,265
10,110
11,77
19,77
7,176
7,152
7,165
7,212
7,408
9,77
7,4
14,77
7,287
10,77
9,75
10,77
7,159
8,276
8,44
8,370
7,77
9,154
7,14658
8,14465
11,10051
13,11342
7,8695
11,14658
14,1789
21,22520
7,14658
7,13965
10,9243
7,3283
8,12478
9,2586
10,12781
15,8573
24,8421
8,10848
10,12781
12,10909
7,9460
7,4662
7,12478
9,11540
10,10861
14,10860
7,10612
7,12478
8,1
10,10571
26,10860
12,15956
12,10860
16,4899
7,10612
7,8347
7,10051
9,13247
10,10488
13,9923
13,10332
19,10860
68,9974
14,3797
15,9226
16,10094
20,8347
7,3293
11,3234
9,14
7,14
7,14
10,14
8,98036
9,11023
8,2646
22,98037
7,92594
25,98037
7,37
7,198
7,26
8,2
8,35
8,44
8,51
8,88
8,342
9,3
9,29
9,40
9,143
10,31
11,1
12,3
12,4
12,5
12,57
12,110
12,154
13,1
13,33
13,13
14,66
14,121
14,132
16,2
16,22
16,26
16,55
17,24
18,1
19,20
20,18
22,15
22,31
31,11
34,13
35,7
53,9
56,2
59,7
70,4
77,4
101,2
7,66
7,79
7,132
7,11
8,24
8,40
9,6
9,29
10,4
10,20
10,33
10,35
10,110
10,13
10,18
10,1
11,1
12,31
12,44
13,11
13,26
14,3
16,5
17,2
17,18
19,15
19,22
21,13
21,31
32,7
32,9
36,1
37,2
38,7
49,4
52,4
64,2
7,49
7,73
7,99
7,106
7,121
7,137
7,198
7,309
8,6
8,71
8,132
8,187
9,40
9,93
9,1
10,5
10,55
10,110
11,7
11,13
11,2
12,3
12,35
12,31
14,24
14,57
14,1
15,1
15,31
16,26
18,66
19,11
20,22
21,1
21,15
22,2
25,20
25,33
29,13
31,18
38,9
39,1
40,2
41,7
55,7
62,4
63,4
135,2
7,2
7,276
8,2
8,5
8,37
8,49
8,154
8,209
8,11
8,66
8,9
8,18
9,55
9,77
9,110
9,198
9,1
10,1
10,35
11,121
11,13
12,88
12,143
12,220
13,3
13,26
13,31
14,29
14,44
15,1
15,24
16,33
19,2
19,18
20,15
20,22
21,132
22,20
22,66
23,13
24,11
24,4
26,7
28,1
29,9
33,2
45,7
77,4
83,2
8,183
8,11
8,24
8,143
9,5
9,31
9,33
9,66
9,7
10,1
10,4
10,293
11,2
11,132
11,1
12,2
12,15
13,3
13,22
17,13
19,9
22,2
23,2
25,7
26,7
31,4
40,1
41,4
77,2
7,3
7,4
7,40
7,71
7,11
8,5
8,35
8,44
8,132
9,20
9,49
12,24
12,9
13,2
13,22
13,26
17,1
17,31
17,33
19,15
27,13
29,11
29,7
30,18
31,4
34,9
47,2
58,7
61,4
141,2
7,4
7,55
7,73
8,29
8,35
8,132
8,9
9,1
9,2
9,2
10,1
10,33
10,18
11,3
11,20
11,31
11,11
13,24
14,22
16,5
19,1
20,18
20,12
22,15
29,1
29,9
30,7
32,13
36,4
43,11
45,2
48,7
61,4
160,2
7,123
7,13
8,1
8,51
8,66
8,86
9,317
9,4
9,26
10,1
11,29
11,31
12,73
13,35
14,15
15,18
15,33
15,7
16,24
16,1
21,1
22,11
25,20
35,13
37,9
37,4
52,2
52,4
60,7
91,2
7,3
7,4
7,33
7,42
7,123
8,14
8,5
8,22
8,49
9,2
9,2
9,26
9,35
9,51
9,73
9,13
13,3
13,18
14,1
18,1
19,24
20,20
23,11
24,9
25,13
27,15
30,7
33,4
35,4
42,1
43,2
51,7
114,2
7,4
7,7
7,29
7,31
7,132
8,26
8,66
8,73
8,79
9,33
9,55
9,57
10,1
10,6
10,40
12,3
12,22
12,7
12,2
13,2
13,18
15,24
16,15
18,20
25,11
30,9
33,13
37,4
38,1
38,2
39,7
47,4
71,2
7,3
7,66
7,84
7,88
7,11
7,1
8,49
8,77
9,2
9,44
9,57
9,1
10,3
10,35
10,79
10,9
10,18
12,33
13,40
13,146
14,1
14,13
17,22
18,26
20,31
23,1
23,20
24,15
26,7
31,11
31,4
32,13
34,24
43,18
53,2
53,7
53,9
66,4
117,2
7,9
8,55
8,57
8,88
9,1
9,11
9,13
11,40
11,44
11,132
12,66
13,18
13,35
14,1
14,20
15,11
15,15
15,26
15,121
16,22
16,31
17,1
19,7
21,24
22,33
30,1
32,13
34,9
51,2
56,4
59,7
63,4
136,2
7,2
7,33
7,49
7,132
7,18
8,2
8,55
9,221
10,1
10,35
11,20
12,22
12,31
13,26
13,13
14,11
16,13
16,66
17,1
20,18
22,24
23,7
26,7
26,15
33,9
38,4
48,2
66,4
85,2
7,44
7,46
7,73
8,29
8,55
9,2
9,3
9,26
9,33
9,66
9,13
9,31
13,22
13,35
13,132
13,1
14,15
19,20
20,31
21,11
21,24
22,1
24,1
31,4
32,13
32,7
33,9
36,18
50,2
56,7
66,4
104,2
7,5
7,198
7,26
8,49
8,157
8,1
8,1
9,4
9,29
9,31
10,20
10,40
10,57
11,13
13,1
13,35
13,132
14,44
14,66
15,3
17,2
17,22
17,33
20,15
21,24
22,31
23,26
27,11
30,7
32,1
34,4
36,18
38,13
39,7
44,9
46,2
73,4
109,2
7,2
7,4
7,35
7,44
7,49
7,71
8,154
9,20
9,24
9,110
9,231
10,5
10,121
10,7
12,1
12,29
12,33
12,66
12,225
13,3
13,31
13,220
13,1
16,26
17,22
22,11
25,18
26,7
27,15
30,1
36,7
39,9
40,2
42,4
44,13
50,2
74,4
7,1
7,24
7,26
7,31
7,40
8,3
8,20
8,121
9,2
10,15
10,35
11,2
11,33
11,154
14,1
15,110
16,11
16,66
18,18
21,22
23,1
24,1
26,13
28,7
35,7
39,9
40,2
49,4
51,2
62,4
7,18
7,31
7,33
7,60
7,112
7,117
7,168
7,172
7,181
7,190
7,11
7,17
7,18
7,20
7,26
7,29
7,30
8,82
8,84
8,123
8,187
8,196
8,201
8,209
8,23
8,25
9,71
9,13
9,15
9,9
9,15
10,57
10,62
10,66
10,73
10,185
11,4
11,1
12,77
12,12
13,79
14,7
17,4
17,10
18,8
20,13
21,6
22,2
27,7
39,7
40,5
41,11
42,9
56,3
60,4
74,2
162,2
204,1
7,7
7,71
7,73
7,77
7,82
7,99
7,110
7,176
7,12
7,9
8,53
8,95
8,163
8,165
8,192
8,225
9,75
9,185
9,205
9,31
10,15
10,46
10,84
10,196
10,247
10,4
11,4
11,93
11,183
11,8
12,51
12,64
12,66
12,86
13,57
15,55
17,60
18,6
18,7
26,5
32,2
40,4
51,2
52,3
128,1
128,2
7,2
7,4
7,11
7,44
7,62
7,119
7,126
7,170
7,176
7,223
7,229
7,18
7,9
8,9
8,68
8,75
8,88
8,141
8,198
8,225
8,13
8,27
8,2
9,71
9,115
9,139
9,165
9,183
9,24
10,187
10,9
10,10
11,64
11,30
11,4
12,7
12,1
14,55
14,57
14,7
15,46
15,73
15,8
17,49
17,60
17,6
21,2
22,51
23,53
39,5
42,4
67,2
81,3
157,2
183,1
7,62
7,75
7,88
7,123
7,150
7,198
7,25
7,9
8,9
8,51
8,53
8,64
8,71
8,137
8,179
8,234
8,14
8,15
8,18
9,60
9,236
9,240
9,11
9,7
10,73
10,79
10,8
10,10
11,68
11,13
12,55
12,4
14,49
15,57
16,7
19,4
22,2
22,6
28,5
32,4
53,3
55,2
112,2
134,1
7,14
7,46
7,121
7,179
7,185
7,187
7,196
7,218
7,267
7,16
8,71
8,75
8,115
8,117
8,128
8,174
8,9
8,11
8,4
9,53
9,79
9,236
9,8
9,26
9,2
10,51
10,64
10,205
10,7
11,181
11,10
11,15
11,17
12,68
12,1
13,7
14,7
14,66
15,55
16,27
18,60
18,62
19,57
20,2
21,6
36,5
43,4
51,3
65,2
99,2
180,1
7,18
7,46
7,77
7,119
7,126
7,172
7,207
7,214
7,227
7,231
7,236
7,4
7,24
8,21
8,71
8,179
8,196
8,198
8,201
8,225
8,18
9,49
9,57
9,64
9,203
9,10
9,11
9,20
10,4
10,14
11,8
11,13
11,27
11,7
12,7
13,66
13,73
13,9
14,75
15,15
18,2
18,51
18,53
19,60
20,62
20,6
21,7
23,55
42,5
51,4
61,3
70,2
121,2
165,1
7,11
7,112
7,121
7,150
7,196
8,46
8,68
8,170
8,198
8,205
8,227
8,4
9,49
9,57
9,64
9,126
9,143
9,176
9,27
9,7
9,9
11,13
11,26
12,51
12,53
12,73
12,8
12,9
14,7
14,77
14,10
15,60
16,62
17,55
19,6
21,2
22,7
25,5
41,3
49,4
63,2
111,2
154,1
7,11
7,68
7,117
7,267
7,28
7,1
8,75
8,132
8,146
8,172
8,174
8,183
8,196
8,198
8,220
8,13
8,18
8,7
8,9
9,79
9,123
9,187
9,2
10,121
10,16
11,77
11,207
11,234
11,9
11,20
11,26
12,66
13,9
13,4
14,10
14,25
17,49
17,51
17,62
17,64
18,4
18,11
19,60
23,8
24,7
24,57
25,53
26,6
30,55
40,7
41,5
44,4
45,2
64,2
78,3
169,2
210,1
7,31
8,15
8,25
8,1
9,11
9,14
9,4
9,9
10,26
11,24
11,27
14,10
15,9
16,12
16,13
18,7
20,7
36,6
40,4
57,5
59,2
75,3
133,2
226,1
7,31
7,32
8,324
8,14
8,27
9,289
9,9
9,15
9,9
10,13
11,2
11,7
12,11
13,9
15,7
17,6
19,1
22,4
25,7
26,4
35,5
39,4
46,2
60,3
134,2
159,1
7,459
7,37
7,132
8,1
9,7
9,3
9,44
9,13
10,33
11,22
11,26
13,11
13,18
15,2
15,20
16,24
17,35
18,31
22,18
27,15
31,11
32,1
34,13
34,4
36,2
36,7
37,9
60,7
65,4
141,2
7,66
7,75
7,9
8,31
8,35
9,1
9,2
9,3
9,24
9,49
9,121
10,20
12,1
12,15
13,33
14,26
17,18
21,22
25,4
28,7
31,9
34,7
37,2
37,11
43,13
61,4
142,2
7,291
7,18
7,34
8,10
8,11
8,35
10,12
10,1
14,8
14,9
14,37
16,6
17,7
21,5
30,2
37,4
52,3
61,2
240,1
7,14
7,2
7,31
7,32
7,37
7,39
7,41
8,11
8,13
8,35
8,43
9,15
9,18
10,2
11,10
11,25
11,34
12,8
21,7
22,1
23,6
27,4
29,5
39,3
70,2
216,1
7,278
7,25
7,33
8,30
9,8
9,10
9,11
9,19
9,37
10,9
12,1
12,4
13,35
14,7
14,3
17,2
17,2
22,6
27,5
32,1
41,4
47,3
82,2
188,1
7,174
7,187
7,9
7,15
8,33
9,183
11,6
12,13
12,35
12,7
13,15
14,8
20,5
21,11
22,4
23,9
33,3
34,4
46,7
46,2
69,2
96,1
7,40
7,53
7,55
7,161
7,174
7,14
7,25
8,35
8,51
8,68
8,179
8,181
8,183
8,27
8,2
9,37
9,49
9,168
9,170
9,176
9,185
9,187
9,12
10,42
10,71
10,104
11,15
11,31
11,62
11,13
12,18
12,79
12,163
13,10
14,60
14,8
15,44
15,57
15,64
16,33
16,46
16,6
17,1
19,7
22,13
24,9
29,4
29,11
30,5
44,2
51,7
53,4
54,3
112,2
158,1
7,29
7,51
7,53
7,104
7,194
7,203
7,282
7,27
8,33
8,40
8,42
8,64
8,71
8,97
8,141
8,176
8,190
8,198
8,205
8,14
8,19
8,25
9,44
9,55
9,148
9,170
9,15
10,22
10,35
10,57
10,82
10,157
10,201
11,13
12,66
12,196
12,9
14,31
14,49
15,20
15,60
15,77
15,8
16,99
16,10
16,12
17,185
19,187
22,7
24,79
24,183
24,6
25,18
28,15
29,5
33,4
33,13
36,11
40,4
42,9
47,7
57,3
76,2
134,2
175,1
7,55
7,60
7,73
7,82
7,84
7,86
7,168
7,190
7,198
7,8
7,9
7,13
7,15
8,22
8,79
8,99
8,159
8,165
8,313
8,17
8,2
9,42
9,53
9,68
9,71
9,75
9,97
9,201
9,203
9,273
10,163
10,192
10,18
10,24
10,4
11,183
11,7
12,37
12,46
12,49
12,57
12,172
12,181
13,62
14,44
14,176
15,20
15,64
16,66
16,77
16,187
17,15
17,18
17,40
18,35
18,5
19,31
21,185
22,33
25,6
33,13
41,4
45,4
45,11
53,3
56,7
56,9
68,2
173,1
175,2
7,51
7,97
7,119
7,123
7,126
7,134
7,139
7,148
7,163
7,168
7,19
7,20
7,23
7,25
8,22
8,24
8,37
8,174
8,209
8,11
9,29
9,99
9,143
9,165
9,12
10,35
10,42
10,46
10,53
10,64
10,68
10,73
10,90
10,9
10,10
10,13
10,2
11,15
11,40
11,44
11,57
11,71
11,82
11,185
11,8
12,49
12,88
12,176
12,183
14,20
14,55
14,75
14,190
14,31
15,181
16,33
16,7
17,60
17,66
19,18
19,62
19,77
20,187
20,6
22,79
27,13
27,31
30,5
31,4
40,11
41,4
48,9
49,3
59,7
76,2
144,2
151,1
7,82
7,86
7,97
7,106
7,110
7,130
7,148
7,159
7,163
7,179
7,181
7,231
7,16
7,18
7,36
8,20
8,24
8,31
8,35
8,84
8,174
8,190
8,194
8,203
8,229
8,17
9,95
9,9
10,99
10,132
10,7
10,13
10,31
11,22
11,51
11,192
11,1
12,64
13,75
14,53
15,15
15,187
16,4
16,18
16,2
17,73
18,185
19,55
19,68
20,66
20,6
21,183
22,60
22,5
23,13
23,71
24,77
28,79
30,62
31,57
35,4
37,11
49,7
50,3
52,9
76,2
92,2
170,1
7,22
7,37
7,44
7,46
7,104
7,170
7,198
7,201
7,27
7,2
8,99
8,154
8,157
8,209
8,14
8,15
8,25
8,31
9,29
9,64
9,79
9,93
9,176
9,10
9,12
9,1
10,101
10,159
10,172
10,181
10,192
10,196
10,8
10,11
11,62
11,73
11,97
11,168
11,190
11,17
12,20
12,31
12,163
12,18
13,75
13,165
14,179
14,9
14,13
15,183
16,18
16,35
16,49
17,4
17,77
18,66
19,71
19,16
20,13
20,15
21,33
21,60
22,7
23,51
23,55
24,187
25,57
26,6
34,11
35,53
37,2
39,4
40,5
42,9
47,7
63,3
75,2
199,1
7,75
7,86
7,88
7,130
7,152
7,170
7,181
7,190
7,192
7,196
7,256
7,32
8,29
8,49
8,99
8,201
9,15
9,22
9,62
9,168
10,31
10,11
10,2
11,60
11,64
11,7
12,20
12,68
12,79
12,187
12,8
13,9
14,13
14,77
15,4
15,10
16,55
16,57
16,71
17,18
22,53
22,185
22,6
23,5
26,11
27,4
29,51
34,2
34,9
46,7
46,3
53,2
130,1
7,132
7,152
7,170
7,207
7,267
7,269
7,326
7,417
7,419
7,425
7,1
7,11
7,16
7,18
7,13
8,22
8,33
8,35
8,49
8,62
8,73
8,112
8,154
8,163
8,174
8,212
8,27
8,28
8,31
8,4
8,2
9,79
9,97
9,190
9,192
9,12
10,26
10,75
10,198
10,273
10,7
11,29
11,60
11,176
11,201
11,287
11,30
12,64
12,185
12,335
13,31
13,181
13,194
13,205
14,68
14,77
14,8
14,15
14,25
16,55
16,66
16,187
16,9
16,13
17,183
18,20
18,51
20,53
20,57
20,10
22,6
23,15
24,18
25,4
25,13
28,7
34,5
42,11
44,2
57,9
68,7
71,3
73,4
83,2
109,2
193,1
7,9
7,10
7,15
7,25
8,8
9,7
9,1
12,2
14,4
15,6
21,5
36,3
49,2
132,1
7,280
7,18
7,2
7,4
8,11
8,1
9,9
10,13
11,10
11,15
11,35
12,8
12,12
12,2
13,7
13,2
14,1
14,37
15,6
23,5
26,4
75,3
87,2
193,1
7,85
7,138
7,146
7,163
7,164
7,165
7,176
7,180
7,185
7,203
7,204
7,205
7,222
7,262
7,287
7,292
7,296
7,309
7,312
7,326
7,338
7,358
7,573
7,602
7,3307
7,4
7,8
7,11
7,7
7,9
7,18
7,55
7,60
7,63
7,76
7,81
7,90
7,17637
8,26
8,82
8,104
8,115
8,131
8,151
8,165
8,172
8,174
8,176
8,178
8,188
8,197
8,209
8,211
8,218
8,240
8,265
8,284
8,340
8,882
8,4
8,34
8,47
8,58
8,74
8,80
8,85
8,97
8,103
8,119
9,45
9,137
9,139
9,152
9,154
9,157
9,158
9,160
9,177
9,183
9,189
9,208
9,243
9,289
9,291
9,331
9,529
9,584
9,661
9,2
9,15
9,27
9,37
9,48
9,70
10,12
10,84
10,102
10,121
10,130
10,156
10,169
10,170
10,175
10,184
10,200
10,217
10,238
10,244
10,551
10,2866
10,26
10,32
10,38
10,49
10,51
10,53
10,54
11,2
11,8
11,50
11,70
11,86
11,136
11,159
11,171
11,181
11,285
11,290
11,301
11,353
11,441
11,17
11,28
11,29
11,78
11,102
11,104
12,44
12,46
12,81
12,99
12,100
12,129
12,133
12,140
12,144
12,150
12,173
12,229
12,251
12,3
12,11
12,59
12,68
13,11
13,24
13,87
13,95
13,96
13,110
13,114
13,125
13,134
13,149
13,207
13,17637
14,57
14,93
14,103
14,127
14,128
14,141
14,145
14,463
14,24
15,20
15,49
15,58
15,97
15,105
15,132
16,47
16,71
16,98
16,117
16,161
16,182
16,206
16,50
17,13
17,72
17,73
17,78
17,116
17,10
17,36
18,34
18,52
18,53
18,64
18,83
18,118
18,124
18,143
18,148
19,106
19,109
19,120
19,3
19,69
20,48
20,89
20,122
20,146
20,42
21,30
21,31
21,55
21,56
21,88
21,113
21,119
21,142
21,147
22,28
22,43
22,51
22,59
22,63
22,111
22,112
23,16
23,38
23,69
23,91
23,94
24,29
24,67
24,101
24,107
24,35
26,18
26,61
26,74
26,77
26,2
27,65
27,66
27,12
28,15
28,42
28,60
29,9
29,36
29,90
29,92
30,39
30,108
31,68
32,27
32,5
33,41
33,135
35,17
35,1
36,35
36,37
40,62
40,75
41,30
43,14
44,32
45,40
46,5
49,76
50,7
52,6
54,33
75,6
94,4
216,3
7,20
7,26
7,43
7,50
7,55
7,85
7,96
7,97
7,101
7,104
7,107
7,113
7,128
7,143
7,145
7,149
7,175
7,185
7,201
7,223
7,226
7,694
7,8
7,2
7,29
7,33
7,59
7,17637
8,41
8,49
8,67
8,69
8,73
8,80
8,95
8,99
8,115
8,121
8,123
8,124
8,125
8,127
8,156
8,166
8,171
8,181
8,287
8,3
8,37
8,57
8,167
9,40
9,42
9,51
9,54
9,77
9,78
9,94
9,116
9,130
9,147
9,210
9,11
9,35
9,69
9,103
9,104
10,37
10,45
10,61
10,74
10,87
10,89
10,117
10,142
10,237
10,7
10,101
11,14
11,17
11,27
11,71
11,91
11,106
11,52
12,28
12,66
12,68
12,88
12,93
12,108
12,10
12,102
13,31
13,34
13,59
13,279
13,31
14,5
14,35
14,64
14,65
14,30
15,76
16,32
16,60
16,12
17,4
17,63
17,75
17,26
18,7
18,36
18,39
18,92
18,4
19,6
19,5
20,33
20,62
23,90
24,3
29,2
42,6
46,1
52,3
7,87
7,118
7,122
7,132
7,138
7,163
7,174
7,199
7,209
7,249
7,259
7,287
7,294
7,483
7,485
7,516
7,518
7,529
7,605
7,625
7,728
7,340
7,8
7,11
7,17
7,27
7,39
7,49
7,72
7,93
7,129
7,197
8,46
8,57
8,85
8,97
8,111
8,114
8,119
8,121
8,125
8,134
8,141
8,156
8,167
8,183
8,192
8,198
8,210
8,234
8,243
8,244
8,404
8,520
8,1036
8,3
8,25
8,28
8,32
8,55
8,57
8,67
8,87
8,102
9,2
9,72
9,83
9,95
9,98
9,113
9,146
9,150
9,151
9,364
9,2734
9,9
9,24
9,37
9,40
9,81
9,86
9,3
10,16
10,19
10,26
10,45
10,80
10,102
10,103
10,105
10,110
10,126
10,162
10,166
10,217
10,517
10,2701
10,21
10,33
10,50
10,51
10,63
10,70
10,77
10,100
10,103
11,21
11,44
11,48
11,104
11,107
11,115
11,117
11,149
11,160
11,175
11,182
11,206
11,441
11,35
12,24
12,79
12,84
12,86
12,93
12,120
12,127
12,130
12,133
12,2723
12,4
12,15
12,29
12,36
12,41
12,42
12,52
12,59
13,42
13,49
13,51
13,56
13,67
13,68
13,73
13,106
13,123
13,137
13,147
13,7
13,74
14,20
14,50
14,54
14,88
14,96
14,100
14,148
14,78
15,14
15,58
15,59
15,82
15,92
15,144
15,170
15,31
15,104
16,8
16,52
16,78
16,89
16,91
16,99
16,142
16,834
17,34
17,41
17,47
17,64
17,70
17,112
17,131
17,143
17,3
18,55
18,108
18,5
18,69
19,27
19,28
19,31
19,37
19,43
19,60
19,61
19,66
19,94
19,12
20,53
20,65
20,81
20,109
20,30
21,9
21,18
21,90
22,63
22,71
22,77
22,10
23,74
24,62
25,26
26,39
26,69
26,75
28,17
28,30
29,38
30,5
30,35
30,2
31,29
33,36
34,40
35,15
35,32
39,76
45,6
47,33
49,7
58,1
61,6
71,4
152,3
7,5
7,20
7,26
7,44
7,88
7,122
7,123
7,133
7,134
7,136
7,163
7,165
7,167
7,178
7,185
7,375
7,551
7,86
7,348
7,5
7,7
7,15
7,27
7,32
7,44
7,48
7,49
7,50
7,56
7,61
7,68
7,76
7,79
7,80
7,103
7,113
7,4
7,61
8,10
8,50
8,58
8,71
8,89
8,103
8,106
8,115
8,117
8,124
8,132
8,150
8,153
8,331
8,441
8,33
8,52
8,57
8,58
8,86
8,88
8,135
8,551
9,51
9,60
9,72
9,81
9,83
9,93
9,97
9,100
9,109
9,112
9,128
9,135
9,145
9,156
9,161
9,176
9,181
9,210
9,25
9,42
9,100
9,104
10,38
10,45
10,49
10,59
10,84
10,98
10,102
10,105
10,126
10,131
10,140
10,141
10,175
10,4
10,28
10,29
10,32
11,15
11,43
11,46
11,55
11,56
11,86
11,92
11,99
11,108
11,114
11,148
11,149
11,70
12,16
12,18
12,19
12,57
12,96
12,104
12,110
12,36
13,48
13,65
13,73
13,75
13,80
13,94
13,95
13,101
13,143
13,147
13,30
13,34
13,51
14,47
14,79
14,144
15,27
15,54
15,31
15,17637
16,7
16,9
16,42
16,52
16,61
16,74
16,85
16,107
16,6
17,31
17,68
17,76
17,91
17,113
17,121
18,37
18,67
18,70
18,26
18,35
19,64
19,82
19,10
20,28
20,30
20,35
20,41
20,53
20,66
20,69
20,3
21,39
22,14
22,12
23,62
23,11
25,34
25,36
26,32
26,40
26,90
27,78
28,2
29,77
30,17
31,63
32,29
36,33
40,6
41,3
44,4
46,6
57,1
117,3
7,28
7,38
7,39
7,44
7,54
7,58
7,63
7,65
7,70
7,82
7,85
7,89
7,96
7,97
7,102
7,106
7,112
7,117
7,139
7,147
7,309
7,27
7,59
7,76
7,80
7,32
7,63
8,37
8,48
8,49
8,50
8,61
8,80
8,287
8,33
8,69
8,70
8,100
8,17
8,36
8,63
9,17
9,41
9,52
9,56
9,69
9,74
9,143
9,156
9,181
9,3
9,85
9,103
9,9
9,141
10,42
10,43
10,47
10,57
10,62
10,71
10,77
10,95
10,113
10,114
10,44
11,55
11,75
11,90
11,107
11,31
11,4
12,5
12,27
12,94
12,4
12,29
12,34
12,50
12,51
12,78
12,62
13,6
13,30
13,31
13,66
13,67
13,76
13,92
13,26
13,35
13,42
14,7
14,34
14,36
14,68
14,6
15,40
15,59
15,73
15,109
15,2
15,5
15,10
15,33
16,32
16,30
18,4
19,29
19,3
24,33
29,6
42,1
55,3
58,3
7,2
7,84
7,117
7,119
7,122
7,124
7,144
7,155
7,163
7,167
7,176
7,206
7,211
7,220
7,247
7,279
7,327
7,82
7,12
7,36
7,3
7,9
7,28
7,45
7,48
7,116
8,81
8,94
8,97
8,109
8,115
8,154
8,156
8,157
8,170
8,174
8,180
8,481
8,913
8,64
8,10
8,26
8,35
8,57
9,8
9,17
9,72
9,77
9,101
9,102
9,121
9,195
9,8
9,34
9,11
9,36
9,58
10,10
10,19
10,23
10,80
10,96
10,116
10,125
10,131
10,165
10,236
10,4
10,11
10,25
10,31
10,32
10,76
11,22
11,83
11,91
11,112
11,114
11,143
11,154
11,44
12,20
12,56
12,92
12,104
12,110
12,140
12,9
13,24
13,25
13,67
13,76
13,85
13,90
13,107
13,113
13,143
13,287
14,16
14,63
14,82
14,99
14,100
14,132
14,145
14,187
14,49
15,54
15,69
15,89
15,141
15,142
16,13
16,55
16,88
17,21
17,70
18,11
18,18
18,57
18,68
18,78
18,98
18,30
19,52
19,62
19,64
19,86
20,26
20,50
21,75
21,79
21,29
22,42
22,44
22,58
22,71
22,87
23,3
26,15
26,48
26,49
26,61
26,6
27,43
27,50
29,47
29,65
30,51
31,33
31,66
31,5
32,9
32,36
32,41
33,39
33,40
33,46
33,73
33,74
35,45
37,12
37,53
37,60
38,14
38,2
40,7
51,29
52,28
52,35
52,38
54,5
54,34
55,59
60,27
62,30
62,37
64,4
67,1
71,6
77,32
97,31
206,3
7,91
7,112
7,139
7,144
7,145
7,146
7,147
7,154
7,281
7,311
7,397
7,551
7,619
7,864
7,82
7,10
7,9
7,40
7,48
7,75
7,111
7,151
8,19
8,20
8,22
8,44
8,84
8,94
8,96
8,108
8,114
8,138
8,140
8,151
8,9
8,2
8,12
8,32
8,36
8,61
8,76
9,57
9,63
9,83
9,90
9,104
9,105
9,107
9,119
9,155
9,162
9,174
9,3
9,29
9,49
9,58
9,98
10,17
10,24
10,25
10,42
10,77
10,86
10,111
10,118
10,124
10,143
10,3
10,4
10,10
10,30
10,33
10,34
10,35
11,1
11,2
11,13
11,16
11,49
11,69
11,87
11,116
11,127
11,620
12,8
12,11
12,79
12,95
12,97
12,102
13,48
13,52
13,54
13,58
13,70
13,80
13,98
14,26
14,40
14,55
14,76
14,100
14,142
15,18
15,50
15,56
15,62
15,67
15,68
15,71
15,72
15,78
15,93
15,621
15,5
15,6
16,36
16,59
16,85
16,122
17,34
17,47
17,81
18,15
18,51
18,53
18,60
18,113
19,64
19,88
19,89
20,46
21,41
21,66
22,10
22,30
22,37
23,35
23,73
24,14
24,39
24,45
24,74
26,9
27,27
27,38
27,61
27,65
27,75
28,33
29,28
31,29
31,2
36,12
38,7
38,32
43,5
49,1
54,31
56,4
67,6
199,3
7,57
7,95
7,102
7,106
7,107
7,123
7,130
7,134
7,141
7,142
7,144
7,149
7,161
7,170
7,224
7,7
7,9
7,11
7,2
7,28
7,44
7,53
7,54
7,61
7,78
7,95
7,2965
8,56
8,71
8,97
8,111
8,113
8,118
8,133
8,143
8,154
8,155
8,159
8,298
8,10
8,30
8,55
8,67
8,68
8,97
8,98
9,43
9,49
9,52
9,59
9,69
9,70
9,81
9,86
9,92
9,96
9,109
9,150
9,151
9,198
9,384
9,385
10,13
10,24
10,45
10,55
10,62
10,84
10,90
10,112
10,115
10,145
10,147
10,175
10,5
10,7
10,32
10,50
11,11
11,18
11,26
11,27
11,42
11,54
11,58
11,68
11,78
11,80
11,101
11,116
11,3
11,33
11,35
12,20
12,40
12,47
12,48
12,76
12,108
12,122
12,125
12,34
13,8
13,63
13,74
13,79
13,85
13,6
14,33
14,64
14,91
15,9
15,10
15,44
15,77
15,146
16,67
16,99
17,15
17,53
17,4
18,50
19,16
19,34
19,36
19,75
19,87
20,41
20,65
20,88
21,37
21,66
21,72
22,30
22,39
22,60
23,7
23,14
23,46
23,73
23,89
25,38
26,35
26,51
26,2
27,12
30,28
30,61
32,29
37,32
38,4
39,5
44,1
48,31
60,6
172,3
7,2
7,8
7,10
7,57
7,80
7,101
7,111
7,158
7,163
7,171
7,198
7,253
7,289
7,342
7,364
7,661
7,4
7,41
7,36
7,44
7,49
7,54
7,57
7,63
7,64
8,11
8,48
8,55
8,56
8,84
8,94
8,97
8,99
8,103
8,112
8,122
8,132
8,148
8,154
8,174
8,215
8,258
8,33
8,25
8,26
8,34
8,47
8,55
8,62
8,102
8,114
9,17
9,40
9,51
9,78
9,128
9,142
9,286
9,287
9,558
9,2
10,18
10,81
10,86
10,93
10,106
10,109
10,116
10,124
10,126
10,129
10,156
10,225
10,325
10,557
10,7
10,15
10,51
10,53
10,112
11,37
11,42
11,70
11,92
11,96
11,147
11,4
11,50
11,98
11,99
12,45
12,52
12,58
12,79
12,102
12,117
12,3
12,29
12,32
12,66
13,44
13,107
13,113
13,125
13,145
13,10
14,15
14,43
14,47
14,49
14,53
14,71
14,76
14,100
14,108
14,115
14,118
14,143
15,27
15,69
15,91
15,12
15,68
16,26
16,62
16,72
16,90
16,69
17,14
17,16
17,34
17,36
17,87
17,110
17,144
18,13
18,41
18,63
18,146
19,65
19,77
19,5
20,30
20,46
20,6
20,30
21,60
21,66
22,50
22,59
22,67
22,35
24,9
24,24
24,33
25,73
25,88
25,2
25,33
27,38
27,39
28,29
28,64
30,35
30,74
30,75
33,28
34,89
35,7
36,12
37,5
45,32
45,61
49,4
49,31
65,6
66,1
161,3
7,16
7,23
7,26
7,49
7,57
7,69
7,71
7,82
7,85
7,96
7,103
7,113
7,116
7,138
7,145
7,149
7,150
7,164
7,170
7,209
7,2756
7,19842
7,30
7,3
7,5
7,28
8,8
8,15
8,18
8,24
8,56
8,83
8,95
8,102
8,107
8,117
8,123
8,144
8,167
8,181
8,208
8,529
8,25
8,31
8,36
8,50
8,78
8,149
9,13
9,55
9,98
9,109
9,110
9,119
9,158
9,7937
9,29
9,40
9,60
9,61
9,99
10,22
10,41
10,51
10,53
10,91
10,97
10,104
10,118
10,162
10,171
10,10
10,33
10,49
10,66
11,10
11,36
11,37
11,45
11,58
11,62
11,77
11,78
11,84
11,106
11,135
11,146
11,12
11,27
11,32
11,34
11,62
11,67
11,68
12,9
12,46
12,64
12,68
12,72
12,90
12,114
12,65
13,42
13,43
13,47
13,86
13,92
13,143
13,4
14,20
14,34
14,52
14,60
14,63
14,67
14,79
14,7
14,35
15,50
15,101
15,3
15,98
16,11
16,88
17,33
17,44
17,59
17,6
18,65
18,75
18,76
19,61
19,66
19,81
20,27
20,40
20,142
21,30
21,39
21,87
21,2
22,12
22,28
22,38
22,30
23,14
23,29
23,35
24,73
28,74
28,89
30,5
32,1
33,31
35,7
38,32
48,4
54,6
140,3
7,2
7,107
7,117
7,128
7,132
7,153
7,154
7,159
7,165
7,201
7,215
7,217
7,259
7,285
7,364
7,408
7,422
7,552
7,706
7,912
7,14
7,35
7,36
7,15
7,39
7,41
7,46
7,57
7,58
7,71
7,76
7,84
7,90
7,95
7,103
7,110
7,113
7,153
7,160
7,321
8,19
8,26
8,43
8,91
8,108
8,118
8,136
8,145
8,156
8,162
8,167
8,168
8,173
8,194
8,204
8,254
8,287
8,503
8,430
8,34
8,26
8,31
8,43
8,50
8,65
8,83
8,96
8,117
8,146
8,159
9,57
9,96
9,103
9,106
9,113
9,116
9,121
9,131
9,157
9,164
9,202
9,216
9,281
9,309
9,353
9,573
9,690
9,63
9,87
9,93
9,94
9,98
9,100
10,18
10,92
10,98
10,105
10,125
10,144
10,222
10,280
10,600
10,17
10,25
10,32
10,53
10,66
10,70
10,78
10,89
10,129
11,8
11,9
11,22
11,44
11,56
11,110
11,126
11,160
11,169
11,498
11,502
11,3
11,48
11,62
11,79
11,239
12,97
12,99
12,143
12,172
12,441
12,603
12,691
12,913
12,11
12,28
12,73
12,74
13,16
13,47
13,48
13,49
13,50
13,82
13,601
13,12
13,33
13,64
13,68
14,20
14,40
14,46
14,69
14,70
14,84
14,85
14,93
14,95
14,112
14,124
14,146
14,602
14,10
14,49
14,67
14,99
15,13
15,76
15,94
15,100
15,111
15,123
15,497
15,3
15,30
15,69
16,10
16,55
16,58
16,83
16,104
16,114
16,501
17,53
17,80
17,86
17,90
17,499
18,11
18,42
18,78
18,29
19,51
19,81
19,87
19,115
19,4
19,35
20,62
20,72
20,77
20,140
21,65
21,89
21,500
22,27
22,36
22,52
22,54
22,73
22,101
22,141
22,2
23,45
23,60
23,79
23,142
24,30
24,33
24,71
25,5
25,15
25,61
25,68
25,75
25,88
26,29
26,39
26,41
27,38
27,63
27,74
28,67
29,12
29,66
30,7
30,59
31,64
31,6
32,14
34,28
34,37
35,5
36,34
37,35
41,1
54,31
60,4
64,6
68,32
194,3
7,23
7,95
7,96
7,106
7,108
7,118
7,125
7,128
7,131
7,134
7,137
7,139
7,148
7,153
7,168
7,202
7,220
7,229
7,236
7,244
7,287
7,297
7,353
7,375
7,430
7,628
7,9
7,14
7,9
7,18
7,32
7,97
7,100
8,2
8,22
8,44
8,56
8,110
8,120
8,145
8,156
8,163
8,172
8,174
8,176
8,182
8,201
8,204
8,254
8,419
8,661
8,691
8,694
8,2734
8,21
8,26
8,30
8,51
8,71
8,98
9,12
9,48
9,81
9,94
9,97
9,122
9,147
9,150
9,155
9,159
9,161
9,177
9,222
9,246
9,551
9,693
9,4
9,12
9,35
9,37
10,79
10,119
10,123
10,129
10,143
10,183
11,50
11,93
11,98
11,100
11,103
11,109
11,112
11,121
11,133
11,138
11,146
11,284
11,309
11,503
11,4
11,3638
12,10
12,80
12,83
12,85
12,105
12,107
12,111
12,130
12,136
12,141
12,160
12,2756
12,3
12,11
12,29
12,39
13,49
13,90
13,92
13,331
13,19842
13,7
14,18
14,61
14,116
14,692
14,3
15,8
15,13
15,21
15,99
15,104
15,124
15,140
15,22046
16,42
16,46
16,47
16,53
16,55
16,77
16,91
16,114
16,441
16,10
16,12
17,26
17,37
17,71
17,82
17,84
17,142
17,144
17,498
18,43
18,115
19,9
19,20
19,58
19,63
19,69
19,70
19,102
19,502
20,16
20,19
20,27
20,54
20,57
20,67
20,86
21,30
21,51
21,73
21,78
22,45
23,40
23,41
23,52
23,500
24,33
24,59
24,66
24,87
24,89
24,101
24,501
25,34
25,62
25,64
26,38
26,65
26,499
27,60
27,72
28,88
28,5
29,36
29,75
29,6
31,68
31,76
34,35
34,74
39,5
39,14
39,2
40,31
41,7
42,39
43,15
43,29
44,17
46,32
53,28
55,1
71,4
111,6
431,3
7,12
7,20
7,44
7,58
7,78
7,80
7,97
7,103
7,112
7,120
7,123
7,125
7,136
7,141
7,147
7,149
7,157
7,167
7,218
7,353
7,419
7,463
7,607
7,17637
7,38
7,72
8,52
8,85
8,92
8,119
8,159
8,161
8,176
8,178
8,285
8,287
8,499
8,603
8,919
8,2646
8,28
8,29
8,33
8,49
9,26
9,42
9,57
9,79
9,86
9,102
9,104
9,109
9,126
9,131
9,163
9,280
9,283
9,605
9,14
9,9
9,11
9,76
10,8
10,56
10,82
10,93
10,99
10,115
10,133
10,140
10,604
10,25
11,33
11,40
11,63
11,71
11,81
11,98
11,100
11,101
11,108
11,142
11,144
12,27
12,70
12,72
12,87
12,95
12,106
12,118
12,124
12,143
12,7
13,18
13,21
13,45
13,54
13,55
13,91
13,145
13,4
14,13
14,34
14,41
14,47
14,49
14,68
14,84
15,37
15,50
15,59
15,67
15,73
16,31
16,36
16,61
16,69
16,77
16,12
17,76
17,94
17,146
17,6
18,16
18,51
18,64
18,66
18,90
18,3
18,5
19,39
19,89
20,5
20,9
20,46
20,60
20,10
21,38
21,65
23,28
23,74
24,75
24,88
25,30
25,62
27,14
28,7
28,17
29,15
29,29
31,35
39,32
40,4
45,1
47,2
88,6
164,3
7,27
7,81
7,96
7,108
7,109
7,114
7,132
7,136
7,138
7,146
7,166
7,171
7,198
7,200
7,210
7,212
7,257
7,279
7,281
7,285
7,353
7,463
7,601
7,132
7,5
7,12
7,3
7,30
7,49
7,53
7,54
7,78
7,84
7,86
7,99
7,118
7,221
7,3
7,5
8,41
8,58
8,70
8,110
8,118
8,122
8,125
8,128
8,165
8,169
8,181
8,182
8,231
8,282
8,368
8,17637
8,11
8,29
8,69
8,70
8,72
8,74
8,75
8,3
9,19
9,50
9,78
9,102
9,126
9,150
9,188
9,286
9,309
9,604
9,6
9,12
9,15
9,63
9,98
10,13
10,44
10,46
10,57
10,113
10,117
10,119
10,130
10,139
10,217
10,366
10,606
10,36
11,9
11,24
11,56
11,80
11,94
11,97
11,100
11,105
11,106
11,134
11,145
11,266
11,269
11,353
11,365
11,34
12,12
12,20
12,45
12,53
12,82
12,86
12,103
12,111
12,127
12,140
12,35
13,42
13,55
13,95
13,104
13,107
13,115
13,123
13,133
13,147
13,661
13,10
14,15
14,16
14,37
14,51
14,52
14,63
14,64
14,65
14,67
14,91
14,120
14,124
14,141
14,143
14,148
14,4
14,68
15,33
15,69
15,77
15,84
15,98
15,101
15,144
16,30
16,47
16,54
16,59
16,72
16,79
16,87
16,99
16,112
16,367
16,5
17,18
17,43
17,71
17,92
17,93
18,8
18,40
18,48
19,14
19,66
20,49
21,36
21,74
21,116
21,3
22,38
22,142
23,60
23,61
24,68
24,90
24,2
25,17
25,34
25,89
26,31
26,76
26,88
27,62
29,7
29,75
31,4
31,28
31,29
32,5
34,39
36,35
40,32
41,1
42,73
44,6
141,3
7,25
7,131
7,133
7,136
7,150
7,152
7,155
7,166
7,175
7,217
7,234
7,252
7,281
7,283
7,287
7,309
7,334
7,342
7,496
7,501
7,605
7,835
7,73
7,236
7,5
7,7
7,9
7,17
7,51
7,58
7,65
7,73
7,100
7,126
7,185
7,5
8,21
8,23
8,78
8,100
8,107
8,123
8,158
8,170
8,180
8,195
8,208
8,260
8,268
8,285
8,397
8,430
8,507
8,548
8,2646
8,68
8,20
8,32
8,38
8,55
8,60
8,61
8,63
9,140
9,151
9,169
9,205
9,287
9,694
9,9
9,11
9,33
9,68
9,612
9,5
10,24
10,45
10,83
10,106
10,160
10,163
10,174
10,202
10,265
10,266
10,375
10,419
10,71
10,82
10,12
10,27
10,86
10,112
11,43
11,44
11,54
11,70
11,79
11,81
11,92
11,111
11,113
11,117
11,129
11,141
11,177
11,1962
11,4299
11,4
11,48
11,64
11,69
11,119
11,2
11,3
12,8
12,59
12,80
12,84
12,99
12,114
12,126
12,128
12,139
12,172
12,298
12,499
12,500
12,1951
12,2866
12,24
12,67
13,2
13,13
13,30
13,53
13,96
13,118
13,119
13,122
13,145
14,46
14,55
14,56
14,95
14,182
14,353
14,17637
15,11
15,27
15,77
15,86
15,91
15,94
15,97
15,103
15,105
15,109
15,110
15,124
15,147
15,148
15,3
15,70
16,101
16,112
16,120
16,441
17,37
17,40
17,41
17,50
17,71
17,102
17,116
18,12
18,16
18,20
18,26
18,49
18,52
18,58
18,67
18,82
18,85
19,18
19,47
19,57
19,65
19,93
19,121
19,125
19,144
19,1940
20,48
20,51
20,87
20,108
20,143
20,2
20,6
21,30
22,19
22,36
22,42
22,64
22,66
22,72
22,88
22,115
22,142
22,146
23,9
23,34
23,63
24,28
24,61
24,69
24,76
24,89
24,90
24,4
25,15
25,35
26,38
26,10
27,33
27,68
28,74
28,2
30,73
30,3
30,5
31,75
31,98
31,29
33,60
35,3
40,17
40,35
41,29
41,39
44,5
45,62
46,14
47,4
51,7
54,31
55,1
73,32
88,6
276,3
7,8
7,10
7,12
7,41
7,46
7,71
7,94
7,95
7,118
7,123
7,126
7,136
7,160
7,169
7,176
7,240
7,287
7,487
7,501
7,17637
7,148
7,8
7,9
7,33
7,48
7,56
7,94
7,102
8,18
8,67
8,70
8,82
8,106
8,116
8,129
8,157
8,163
8,171
8,182
8,243
8,3
8,14
8,24
8,30
8,45
8,84
8,85
9,19
9,26
9,28
9,30
9,47
9,57
9,83
9,117
9,120
9,133
9,834
9,53
9,67
10,43
10,44
10,45
10,49
10,52
10,58
10,60
10,78
10,79
10,84
10,111
10,125
10,141
10,217
10,34
10,68
11,20
11,21
11,42
11,50
11,90
11,91
11,101
11,103
11,104
11,113
11,115
11,353
11,11
12,34
12,72
12,87
12,92
12,96
12,108
12,109
12,110
12,142
12,144
13,13
13,22
13,38
13,48
13,61
13,65
13,69
13,73
13,86
13,102
13,143
13,145
13,2
13,12
14,66
14,68
14,112
14,29
15,16
15,31
15,77
15,147
16,37
16,51
16,53
17,55
17,119
17,26
18,9
18,15
18,27
18,75
18,88
20,40
20,64
20,76
21,17
21,10
23,39
23,63
23,74
24,89
26,35
26,1
27,29
27,5
28,14
29,36
31,6
32,441
34,5
34,33
37,7
39,4
42,62
43,32
69,6
105,3
7,11
7,24
7,85
7,122
7,135
7,139
7,146
7,163
7,165
7,173
7,198
7,295
7,349
7,350
7,353
7,419
7,452
7,502
7,504
7,595
7,692
7,4
7,25
7,68
7,101
7,103
7,151
8,13
8,58
8,95
8,104
8,105
8,115
8,118
8,123
8,140
8,149
8,155
8,157
8,168
8,194
8,195
8,228
8,463
8,517
8,551
8,717
8,827
8,2690
8,32
8,33
8,40
8,51
8,98
9,22
9,57
9,71
9,79
9,83
9,84
9,86
9,107
9,110
9,124
9,133
9,134
9,154
9,159
9,174
9,175
9,180
9,187
9,236
9,259
9,286
9,287
9,3
9,31
9,34
9,53
10,12
10,18
10,20
10,30
10,45
10,46
10,80
10,82
10,111
10,129
10,132
10,138
10,156
10,169
10,176
10,208
10,221
10,347
10,351
10,441
10,518
10,519
10,705
10,1102
10,27
10,55
10,69
11,70
11,81
11,87
11,109
11,131
11,182
11,183
11,331
11,520
11,58
11,87
11,88
12,53
12,54
12,92
12,98
12,100
12,102
12,114
12,177
12,11
13,8
13,16
13,49
13,56
13,72
13,93
13,119
13,143
13,348
13,26
13,28
13,36
14,17
14,43
14,97
14,99
14,101
14,116
14,144
14,7
14,29
15,50
15,65
15,66
15,68
15,113
15,141
16,55
16,60
16,121
16,132
16,142
16,148
16,181
16,12
17,96
17,2
18,9
18,42
18,78
19,31
19,48
19,52
19,59
19,63
19,73
19,88
19,147
20,34
20,51
20,61
20,112
20,35
21,28
21,37
21,47
21,106
21,120
21,10
22,69
22,5
22,30
23,5
23,40
23,67
23,91
23,108
24,74
24,90
24,94
25,41
25,6
26,15
26,35
26,36
26,38
26,89
26,17637
27,64
28,14
28,33
28,39
29,29
30,75
30,77
33,4
33,7
34,1
36,76
39,27
39,32
39,62
44,6
134,3
7,17
7,81
7,117
7,128
7,130
7,139
7,141
7,146
7,159
7,164
7,165
7,189
7,195
7,217
7,238
7,241
7,625
7,630
7,2
7,22
7,36
7,44
7,33
8,93
8,102
8,120
8,133
8,153
8,154
8,166
8,174
8,176
8,201
8,226
8,240
8,299
8,629
8,4
8,11
8,27
8,41
8,56
8,903
9,63
9,83
9,104
9,106
9,113
9,114
9,116
9,149
9,162
9,215
9,627
9,657
9,22
9,26
9,29
10,22
10,54
10,79
10,100
10,111
10,115
10,121
10,132
10,137
10,193
10,628
10,659
10,30
10,39
11,78
11,91
11,96
11,110
11,125
11,197
11,6
11,42
12,62
12,76
12,80
12,84
12,86
12,95
12,107
12,8
13,53
13,67
13,69
13,71
13,74
13,97
13,98
13,124
13,127
13,3
13,12
13,33
14,18
14,85
14,87
14,112
14,122
14,2
14,28
14,32
15,55
15,66
15,75
15,77
15,88
15,300
16,19
16,20
16,41
16,92
16,99
16,101
16,3
17,21
17,103
17,108
17,126
17,8
18,52
18,65
18,70
18,658
19,8
19,16
19,51
19,58
19,73
20,42
20,44
20,64
21,6
22,57
22,68
23,90
23,123
24,56
24,4
25,14
25,34
25,45
25,89
26,9
26,40
26,43
26,61
27,15
27,59
28,13
28,23
29,46
30,47
30,72
31,60
33,11
33,49
34,38
35,10
35,50
37,36
38,39
40,7
41,6
41,28
41,35
42,12
42,37
42,1
43,4
43,31
45,27
49,2
51,32
53,24
54,33
55,30
60,48
61,29
66,25
78,5
89,26
240,3
7,107
7,119
7,120
7,129
7,133
7,140
7,147
7,148
7,153
7,154
7,163
7,171
7,177
7,189
7,212
7,214
7,227
7,236
7,241
7,244
7,245
7,250
7,255
7,291
7,319
7,643
7,1029
7,7
7,13
7,16
7,28
7,34
7,36
7,39
7,59
7,83
8,82
8,85
8,122
8,136
8,139
8,146
8,155
8,164
8,222
8,231
8,239
8,270
8,293
8,297
8,298
8,300
8,434
8,641
8,1028
8,3
8,71
9,95
9,123
9,127
9,137
9,143
9,226
9,271
9,295
9,299
9,301
9,302
9,303
9,55
9,171
10,83
10,88
10,94
10,108
10,113
10,144
10,149
10,178
10,215
10,4
10,11
10,27
10,58
10,60
11,22
11,91
11,101
11,109
11,111
11,121
11,124
11,128
11,228
11,3
11,17
12,17
12,79
12,89
12,106
12,130
12,142
12,294
12,29
12,38
12,57
12,62
13,67
13,87
13,96
13,102
13,104
13,116
13,125
13,126
13,132
13,221
13,56
14,18
14,78
14,145
14,33
15,66
15,98
15,100
15,110
15,25
15,176
16,84
16,92
16,97
16,131
16,304
16,41
17,19
17,68
17,69
17,90
17,105
17,8
18,23
18,55
18,57
18,76
18,103
19,80
19,99
20,15
20,51
20,59
20,63
20,72
21,14
21,56
21,70
21,86
22,41
22,77
22,6
23,20
23,52
23,54
23,61
23,73
24,21
25,16
25,53
25,65
25,93
26,11
26,46
26,58
26,64
26,71
26,2
27,60
27,62
29,9
29,43
29,45
29,47
29,75
30,4
31,8
33,6
34,13
35,34
35,42
36,24
36,39
36,49
37,10
37,12
37,44
38,35
38,36
40,50
40,74
44,28
44,40
47,29
51,2
52,48
53,27
53,32
56,33
56,38
57,31
57,1
60,7
63,37
65,25
66,4
66,30
94,5
108,26
275,3
7,76
7,92
7,117
7,119
7,122
7,140
7,149
7,151
7,215
7,231
7,249
7,256
7,267
7,82
7,84
7,115
7,4
7,7
7,18
7,54
7,59
8,70
8,82
8,85
8,96
8,120
8,121
8,146
8,148
8,300
8,454
8,485
8,90
8,2
8,33
8,57
9,68
9,84
9,91
9,98
9,105
9,111
9,112
9,113
9,115
9,123
9,238
9,110
9,56
10,22
10,55
10,75
10,87
10,95
10,101
10,104
10,127
10,131
10,62
11,20
11,54
11,86
11,102
11,228
11,3
11,3
11,12
11,28
12,8
12,23
12,147
12,8
13,18
13,43
13,66
13,73
13,78
13,89
13,125
13,6
13,29
14,17
14,19
14,56
14,59
14,60
14,65
14,88
15,14
15,16
15,61
15,67
15,69
15,71
15,116
16,9
16,126
16,226
16,169
17,11
17,52
17,64
17,79
18,21
18,45
18,53
18,57
19,72
19,77
19,124
20,13
20,42
21,36
21,46
21,47
21,2
22,58
22,227
23,190
24,24
24,39
24,50
24,74
25,15
25,62
25,337
26,63
27,2
27,41
27,44
27,51
27,4
28,40
29,32
29,37
31,28
31,90
33,27
33,31
34,12
35,10
35,35
36,48
36,49
37,33
40,6
40,38
43,34
44,4
46,7
46,1
47,30
48,29
51,336
52,25
64,26
67,5
102,291
199,3
7,81
7,94
7,102
7,105
7,125
7,132
7,162
7,171
7,188
7,300
7,563
7,625
7,627
7,86
7,148
7,16
7,32
7,55
7,58
7,126
8,20
8,80
8,96
8,100
8,109
8,114
8,128
8,129
8,130
8,626
8,716
8,64
8,5
8,26
8,41
8,62
9,71
9,72
9,82
9,95
9,103
9,106
9,110
9,116
9,119
9,122
9,123
9,143
9,172
9,93
9,4
10,8
10,90
10,117
10,120
10,127
10,146
10,88
10,45
10,56
10,59
11,22
11,83
11,85
11,98
11,107
11,145
11,12
12,57
12,74
12,84
12,87
12,121
13,78
13,89
13,99
14,88
14,91
15,55
15,69
15,101
15,126
16,9
16,23
16,56
16,33
17,19
17,60
17,149
17,29
18,48
18,70
18,73
19,75
19,104
19,30
20,11
20,14
20,58
20,61
20,66
20,79
21,16
21,17
21,43
21,54
21,59
21,64
21,2
21,6
22,21
22,62
22,67
23,13
23,65
24,24
25,44
25,53
25,76
25,4
27,10
27,41
27,42
27,45
27,47
28,68
28,28
29,15
29,63
29,77
30,46
33,25
33,49
34,40
35,7
35,32
36,52
37,39
37,51
38,31
39,6
39,12
39,35
40,4
41,38
43,36
43,50
44,27
45,33
52,34
54,5
54,29
55,336
58,2
67,37
68,30
70,28
70,1
80,26
187,3
7,22
7,95
7,113
7,114
7,115
7,130
7,132
7,138
7,140
7,145
7,153
7,161
7,162
7,164
7,170
7,183
7,220
7,243
7,245
7,247
7,271
7,304
7,397
7,546
7,671
7,82
7,88
7,99
7,2
7,12
7,13
7,10
7,27
7,59
7,67
8,19
8,84
8,93
8,105
8,129
8,151
8,154
8,174
8,185
8,191
8,209
8,212
8,229
8,243
8,267
8,306
8,8
8,16
8,3
8,9
8,16
8,40
8,45
9,18
9,108
9,118
9,122
9,123
9,147
9,171
9,172
9,79
10,92
10,97
10,111
10,112
10,126
10,128
10,139
10,159
10,34
11,81
11,94
11,110
11,117
11,305
11,33
11,41
11,43
12,20
12,90
12,96
12,106
12,116
12,119
12,127
12,39
13,58
13,71
13,72
13,99
13,107
13,124
13,131
13,148
14,14
14,15
14,24
14,78
14,85
14,8
14,11
14,26
14,32
14,42
15,44
15,82
15,104
15,3
16,86
16,91
16,102
17,57
17,98
17,100
17,28
18,23
18,62
18,74
18,12
19,63
19,75
19,83
19,87
19,121
19,5
20,8
20,21
20,69
20,73
20,103
20,125
21,11
21,16
21,17
21,70
21,29
22,25
22,88
23,56
24,43
24,64
24,79
24,120
24,30
25,42
25,67
25,76
26,61
26,80
27,13
28,55
28,59
28,66
29,51
30,2
31,45
31,6
32,47
32,48
32,89
33,60
33,68
33,77
34,9
34,50
35,49
35,65
37,35
37,39
38,4
40,31
41,38
41,52
41,54
42,27
43,46
44,41
45,12
46,10
46,37
47,34
47,53
48,6
48,33
49,26
53,30
55,40
58,4
59,7
62,32
64,2
64,36
75,28
76,29
80,1
94,5
374,3
7,18
7,21
7,83
7,85
7,93
7,97
7,110
7,111
7,128
7,132
7,134
7,139
7,142
7,143
7,145
7,147
7,149
7,157
7,214
7,219
7,225
7,284
7,383
7,419
7,616
7,624
7,625
7,626
7,108
7,6
7,13
7,39
7,40
7,45
7,59
7,22
8,57
8,77
8,92
8,104
8,156
8,175
8,226
8,617
8,622
8,104
8,106
8,172
8,12
8,12
9,22
9,56
9,70
9,72
9,84
9,94
9,109
9,112
9,148
9,171
9,904
9,84
9,86
9,88
9,42
9,44
10,17
10,88
10,95
10,99
10,113
10,122
10,127
10,131
10,132
10,146
10,170
10,213
10,220
10,115
10,26
10,34
11,24
11,79
11,98
11,100
11,102
11,107
11,154
11,162
11,221
11,621
11,627
12,101
12,121
12,125
12,216
12,56
13,15
13,23
13,71
13,80
13,89
13,91
13,117
13,118
13,126
13,3
14,82
14,623
14,32
15,42
15,43
15,59
15,81
15,96
15,103
15,5
16,106
16,33
17,11
17,69
17,74
17,105
17,116
17,4
17,6
17,29
18,16
18,48
18,58
18,61
18,63
18,73
18,108
18,215
19,12
19,64
19,67
19,78
19,114
19,120
20,14
20,68
20,86
20,87
20,115
20,28
21,9
21,60
22,25
22,62
22,76
22,30
23,35
23,49
23,52
24,7
24,47
24,65
25,13
25,44
26,39
26,50
26,55
26,66
27,46
27,53
27,75
28,8
28,38
28,2
29,10
29,54
30,26
31,45
34,51
35,27
36,33
36,37
37,34
38,31
38,41
39,40
40,2
41,32
42,36
46,4
46,28
47,6
49,29
54,30
59,5
60,1
212,3
7,22
7,96
7,131
7,138
7,144
7,174
7,183
7,209
7,214
7,248
7,254
7,342
7,441
7,941
7,11
7,12
7,17
7,28
7,40
7,2
7,9
7,45
7,49
7,62
7,73
8,16
8,102
8,109
8,127
8,134
8,137
8,140
8,148
8,154
8,165
8,185
8,265
8,3990
8,86
8,90
8,26
8,56
9,98
9,111
9,112
9,126
9,128
9,133
9,198
9,936
9,940
9,93
9,14
9,30
9,59
10,20
10,99
10,104
10,110
10,121
10,139
10,156
10,194
10,7
10,9
10,23
10,32
10,42
11,18
11,57
11,78
11,93
11,122
11,124
11,132
11,142
11,143
11,153
11,4
11,6
11,10
11,15
11,18
12,24
12,84
12,118
12,120
12,29
13,21
13,100
13,119
13,34
13,4
13,33
13,55
14,54
14,94
14,103
14,8
15,14
15,85
15,97
15,101
15,123
16,82
16,83
16,86
16,89
16,135
16,6
16,28
17,70
17,74
17,88
17,90
17,92
17,105
17,2
18,15
18,71
18,79
18,87
19,13
19,23
19,81
20,25
20,62
20,73
21,8
21,17
21,53
21,58
21,72
21,107
21,3
22,59
22,61
22,80
23,69
23,77
23,5
24,11
24,63
24,106
25,66
26,43
26,49
26,76
26,91
27,55
28,42
28,44
28,48
28,67
29,50
29,64
30,9
30,41
30,65
31,56
32,2
33,38
33,45
34,12
34,60
35,75
36,40
36,68
38,26
38,39
39,35
41,2
41,27
42,7
43,10
43,46
43,47
47,52
49,4
51,37
51,51
55,31
56,6
56,34
57,33
62,5
67,30
71,36
73,32
77,28
80,29
129,1
243,3
7,108
7,115
7,121
7,138
7,141
7,148
7,151
7,160
7,168
7,205
7,219
7,240
7,308
7,418
7,84
7,112
7,6
7,16
7,8
7,11
7,32
7,36
7,46
7,48
7,126
8,106
8,118
8,123
8,130
8,143
8,165
8,174
8,243
8,525
8,4211
8,88
8,104
8,108
8,132
8,7
8,11
8,34
8,7
8,13
8,42
9,71
9,78
9,90
9,93
9,94
9,104
9,116
9,117
9,120
9,127
9,128
9,144
9,176
9,233
9,265
9,375
9,62
9,75
9,90
9,93
9,97
9,99
9,121
9,9
9,12
9,12
9,16
9,17
9,22
9,37
9,38
9,39
9,40
9,56
9,59
10,82
10,85
10,96
10,103
10,111
10,145
10,149
10,220
10,622
10,2712
10,10
10,45
11,18
11,81
11,91
11,100
11,109
11,131
11,142
11,147
11,523
11,66
11,4
11,44
12,83
12,99
12,105
12,110
12,132
12,133
12,140
12,64
12,3
13,77
13,102
13,124
13,125
13,129
13,14
14,14
14,23
14,84
14,621
14,9
14,33
15,8
15,20
15,524
15,10
16,44
16,79
16,88
16,92
16,95
16,19842
17,56
17,68
17,70
17,72
17,73
17,80
17,89
17,98
17,101
17,4
17,28
18,55
18,61
18,69
18,27
19,22
19,97
19,126
20,15
20,17
20,60
20,62
20,74
21,11
21,57
21,67
22,25
22,43
22,54
22,76
22,86
23,21
23,87
23,29
24,75
25,24
25,42
25,58
25,66
26,16
27,53
27,59
27,64
28,63
29,65
30,30
31,9
32,6
33,12
34,48
35,41
35,2
36,49
37,5
38,45
38,51
39,50
40,13
40,26
42,38
42,47
43,2
43,37
43,46
44,39
45,40
46,52
48,10
48,35
49,36
50,33
51,30
51,31
52,4
54,6
54,7
60,29
61,34
64,27
64,28
65,5
71,32
79,1
220,3
7,96
7,109
7,112
7,113
7,116
7,120
7,138
7,145
7,166
7,182
7,210
7,340
7,522
7,523
7,629
7,66
7,115
7,134
7,172
7,181
7,198
7,209
7,223
7,243
7,251
7,258
7,11
7,12
7,41
7,74
7,23
7,39
7,44
7,47
7,50
7,52
7,58
7,65
7,67
8,22
8,82
8,90
8,104
8,106
8,121
8,128
8,134
8,142
8,147
8,154
8,243
8,620
8,634
8,84
8,97
8,106
8,110
8,179
8,214
8,218
8,220
8,260
8,3
8,12
8,34
8,35
8,36
8,48
8,60
8,105
9,20
9,24
9,80
9,85
9,93
9,102
9,103
9,108
9,114
9,118
9,119
9,129
9,130
9,137
9,141
9,152
9,220
9,232
9,518
9,95
9,207
9,30
9,31
9,42
9,49
9,86
9,87
10,18
10,21
10,91
10,100
10,110
10,124
10,146
10,174
10,121
10,170
10,176
10,4
10,27
11,16
11,115
11,117
11,125
11,143
11,155
11,193
11,632
11,117
11,139
11,216
11,28
12,15
12,101
12,126
12,154
12,268
12,185
12,34
12,45
13,56
13,79
13,83
13,92
13,99
13,153
13,519
13,521
13,93
13,132
13,29
13,33
14,23
14,81
14,127
14,146
14,266
14,123
15,11
15,72
15,156
16,17
16,54
16,55
16,69
16,78
16,84
16,86
16,98
16,267
16,32
17,48
17,57
17,61
17,70
17,630
17,631
18,520
19,12
19,14
19,63
19,71
19,89
20,10
20,39
20,60
20,76
21,38
21,49
21,64
21,74
21,87
22,8
22,25
22,41
22,44
22,6
23,9
23,13
23,40
23,68
23,88
23,2
23,5
24,75
25,62
25,66
25,67
26,2
26,73
26,77
27,58
30,46
30,65
31,43
31,45
32,42
33,53
33,59
35,47
36,26
36,33
37,7
37,30
38,37
40,29
41,27
43,51
46,6
47,50
47,52
49,4
49,36
49,1
50,5
53,28
57,35
59,34
65,32
71,31
205,3
7,106
7,119
7,120
7,137
7,146
7,152
7,158
7,171
7,172
7,198
7,254
7,523
7,93
7,194
7,11
7,42
7,11
7,43
7,57
7,76
7,96
7,149
8,82
8,101
8,115
8,135
8,138
8,153
8,157
8,181
8,193
8,194
8,265
8,280
8,300
8,525
8,727
8,19842
8,3
8,17
8,37
8,41
8,42
8,48
8,54
8,59
8,62
8,67
8,69
8,83
8,113
9,97
9,116
9,127
9,132
9,139
9,140
9,141
9,143
9,144
9,150
9,173
9,176
9,320
9,386
9,622
9,7
9,28
9,30
10,109
10,112
10,122
10,123
10,126
10,131
10,132
10,145
10,2
10,53
11,20
11,92
11,104
11,124
11,125
11,133
11,143
11,165
11,287
11,46
11,50
12,21
12,95
12,96
12,102
12,113
12,117
12,118
12,130
12,134
12,156
12,2282
12,33
12,44
12,66
13,22
13,75
13,80
13,142
13,243
13,12
13,51
13,58
13,64
14,84
14,100
14,110
14,9
14,36
15,56
15,70
15,78
15,86
15,90
15,94
15,99
15,154
15,3
15,27
16,55
16,45
17,17
17,61
17,79
17,81
17,32
17,35
18,23
18,83
18,103
18,29
18,34
19,8
19,19
19,73
19,87
19,114
20,10
21,68
21,76
21,85
21,91
21,10
22,18
22,54
22,69
22,6
23,67
23,49
24,13
25,24
25,42
25,57
25,62
25,66
25,98
26,11
26,72
26,88
26,4
27,49
27,64
27,71
27,89
29,9
30,44
30,63
30,77
31,26
31,52
31,58
32,12
32,16
32,43
32,5
34,25
34,45
34,31
36,53
37,65
37,74
39,46
40,2
40,2
41,48
41,51
42,15
42,59
43,38
43,40
43,47
43,60
44,39
45,41
50,14
50,50
56,37
59,33
62,34
64,1
65,35
68,32
73,36
75,7
79,28
80,4
81,6
81,29
87,27
90,30
95,5
103,31
281,3
7,17
7,22
7,78
7,79
7,82
7,100
7,101
7,102
7,121
7,127
7,129
7,132
7,143
7,163
7,179
7,353
7,64
7,4
7,23
7,28
7,33
7,39
7,51
7,76
7,78
8,21
8,86
8,93
8,94
8,95
8,99
8,107
8,111
8,123
8,141
8,143
8,165
8,220
8,90
8,4
8,6
8,7
8,12
9,92
9,109
9,140
9,2734
9,84
9,3
9,2
10,20
10,70
10,85
10,87
10,90
10,98
10,116
10,255
10,309
10,50
11,8
11,50
11,68
11,103
11,112
11,154
12,16
12,26
12,56
12,71
12,76
12,84
12,10
13,10
13,18
13,23
13,63
13,77
13,9
13,36
14,25
14,54
14,80
14,89
14,287
15,24
15,43
15,48
15,72
15,110
16,66
17,11
17,42
17,73
17,35
18,15
18,75
18,2
19,9
19,13
19,49
19,55
19,62
19,65
19,6
20,64
21,61
21,67
23,40
23,44
23,53
23,58
23,74
24,39
24,88
25,59
26,57
27,12
28,51
29,52
30,47
31,2
31,41
31,60
32,27
33,5
33,14
33,34
33,38
33,45
33,5
36,7
39,36
40,33
40,35
41,37
45,46
49,30
51,29
51,1
53,28
59,6
60,32
69,4
69,31
245,3
7,16
7,24
7,69
7,94
7,103
7,114
7,119
7,125
7,127
7,146
7,153
7,155
7,173
7,176
7,178
7,228
7,289
7,223
7,9
7,4
7,35
7,57
7,58
7,97
7,98
8,17
8,55
8,102
8,107
8,112
8,113
8,130
8,132
8,134
8,143
8,144
8,209
8,4
8,10
8,6
8,12
8,59
9,9
9,11
9,20
9,68
9,91
9,99
9,104
9,105
9,116
9,121
9,141
9,154
9,35
10,8
10,76
10,78
10,81
10,82
10,86
10,87
10,89
10,96
10,97
10,98
10,142
10,165
10,34
10,50
11,10
11,56
11,63
11,77
11,95
11,117
12,13
12,67
12,71
12,72
12,80
12,85
12,139
12,140
12,145
12,254
12,29
13,70
13,90
13,5
13,48
14,15
14,79
14,118
14,10
14,49
15,73
15,92
16,14
16,46
16,48
16,57
17,58
17,109
17,28
18,54
18,65
18,88
19,42
19,44
19,2
20,12
20,61
20,75
21,53
22,59
22,66
22,74
23,52
24,41
24,62
25,26
25,47
25,50
25,64
26,36
26,39
26,40
26,43
26,49
27,45
27,60
28,51
29,37
30,33
32,7
32,38
35,5
36,35
37,6
44,29
45,27
45,34
49,32
50,30
53,28
57,4
57,1
74,31
133,3
7,126
7,127
7,142
7,153
7,157
7,167
7,173
7,187
7,189
7,191
7,196
7,209
7,215
7,229
7,232
7,238
7,245
7,292
7,295
7,342
7,378
7,475
7,513
7,573
7,2
7,7
7,34
7,35
7,40
7,43
7,68
8,1
8,89
8,100
8,109
8,128
8,129
8,132
8,161
8,166
8,171
8,172
8,201
8,205
8,207
8,288
8,362
8,501
8,20
9,84
9,101
9,107
9,111
9,114
9,124
9,134
9,151
9,154
9,165
9,169
9,185
9,192
9,227
9,289
9,500
9,11
9,27
10,80
10,95
10,98
10,103
10,106
10,115
10,152
10,291
10,42
11,21
11,85
11,113
11,117
11,136
11,138
11,141
11,143
11,150
11,5
12,22
12,82
12,92
12,112
12,121
12,131
12,217
12,233
12,236
12,301
12,499
12,12
12,16
12,29
13,19
13,75
13,104
13,105
13,108
13,116
13,130
13,148
13,149
14,83
14,94
14,96
14,110
14,122
14,146
14,165
15,18
15,56
15,88
15,102
15,119
15,123
15,125
16,17
16,23
16,74
16,86
16,120
16,139
16,145
16,147
17,81
17,93
17,97
18,14
18,40
18,87
18,118
18,33
19,38
19,52
19,55
19,28
20,8
20,53
20,67
20,99
20,39
21,68
21,69
21,71
21,2
22,39
22,65
22,79
22,90
22,6
23,54
23,57
23,59
23,76
24,50
24,66
24,70
24,140
25,11
25,58
25,91
26,41
26,43
26,60
26,77
26,1
27,10
27,78
28,15
28,42
28,49
29,9
29,62
31,61
32,12
32,44
33,16
33,24
33,51
33,64
34,63
34,4
36,37
41,4
41,7
41,27
42,13
42,33
42,45
42,73
44,26
47,34
50,48
53,46
55,36
55,47
56,25
59,6
63,30
66,2
66,28
66,35
67,29
72,32
72,72
74,5
92,31
214,3
7,100
7,128
7,130
7,170
7,171
7,172
7,176
7,177
7,181
7,200
7,206
7,208
7,235
7,242
7,251
7,252
7,305
7,313
7,470
7,2
7,3
7,32
7,35
7,38
7,301
8,135
8,142
8,143
8,144
8,158
8,168
8,175
8,187
8,188
8,190
8,196
8,204
8,207
8,214
8,231
8,254
8,342
8,14
8,27
8,36
8,50
9,21
9,111
9,132
9,137
9,152
9,161
9,174
9,178
9,183
9,194
9,212
9,3
9,8
10,89
10,131
10,145
10,146
10,151
10,205
10,215
10,42
10,67
11,101
11,127
11,153
11,156
11,159
11,163
12,18
12,20
12,80
12,82
12,83
12,98
12,99
12,102
12,112
12,143
12,147
12,148
12,154
12,169
12,2
13,19
13,93
13,105
13,116
13,141
13,173
13,353
13,39
14,17
14,94
14,106
14,108
14,109
14,117
14,121
14,123
14,138
14,216
14,29
15,75
15,86
15,103
15,113
15,5
16,22
16,23
16,76
16,78
16,92
16,95
16,96
16,107
16,124
16,129
16,140
16,28
17,90
17,119
17,133
17,149
17,164
18,16
18,52
18,77
18,81
18,120
18,136
19,1
19,55
19,84
19,118
20,15
20,42
20,57
20,59
21,11
21,66
21,91
21,104
22,14
22,68
22,74
23,50
23,54
23,69
23,6
24,53
24,79
24,97
24,4
25,8
25,56
25,62
25,67
25,85
25,122
25,139
26,88
27,58
27,60
27,87
28,9
29,38
29,49
29,65
30,39
31,61
31,73
32,13
32,1
33,24
33,64
34,10
34,51
35,40
35,41
36,70
37,12
37,26
38,43
40,71
41,37
42,44
43,45
46,63
48,6
48,34
50,28
52,47
55,4
55,27
55,32
55,46
56,35
57,5
57,7
58,36
63,2
63,30
64,25
64,33
71,48
74,72
76,29
77,31
208,3
7,101
7,108
7,110
7,127
7,132
7,136
7,149
7,168
7,174
7,179
7,183
7,187
7,203
7,216
7,234
7,235
7,240
7,250
7,298
7,386
7,3
7,5
7,12
8,84
8,102
8,106
8,112
8,114
8,126
8,129
8,143
8,147
8,148
8,163
8,173
8,181
8,186
8,190
8,207
8,212
8,236
8,353
8,11
8,34
8,83
9,103
9,105
9,130
9,140
9,141
9,153
9,159
9,160
9,169
9,191
9,209
9,237
9,2
9,27
9,57
10,21
10,90
10,98
10,110
10,117
10,125
10,137
10,146
10,164
10,220
10,2
10,3
10,29
10,33
11,80
11,116
11,139
11,151
11,162
11,39
12,81
12,107
12,109
12,113
12,118
12,154
12,193
12,233
12,8
13,20
13,22
13,83
13,96
13,104
13,115
13,120
13,123
13,128
13,152
13,170
14,18
14,119
14,122
15,8
15,17
15,77
15,78
15,88
15,92
15,100
15,124
15,143
15,150
16,19
16,94
16,97
16,142
17,79
17,82
17,89
17,95
18,76
18,6
19,9
19,15
19,53
19,91
19,99
19,121
20,14
20,73
20,75
20,86
21,51
21,87
22,39
22,50
22,58
22,66
22,93
23,16
23,42
23,52
23,55
23,71
23,85
24,23
24,144
24,28
25,56
26,13
26,40
26,41
26,68
26,70
26,145
26,4
27,62
27,69
29,67
30,12
30,54
30,65
31,59
31,60
31,1
32,11
32,74
35,10
35,57
35,64
36,43
37,27
37,49
38,45
38,61
39,44
39,63
41,24
41,37
41,48
43,7
43,38
44,6
48,36
49,33
51,32
52,2
52,4
52,35
52,46
52,47
57,30
58,5
59,34
61,72
62,28
63,26
78,25
88,29
104,31
183,3
7,113
7,116
7,148
7,158
7,160
7,161
7,166
7,170
7,173
7,206
7,212
7,219
7,238
7,298
7,4
7,1
7,26
7,33
8,117
8,154
8,155
8,156
8,157
8,175
8,179
8,181
8,191
8,234
8,643
8,38
8,39
8,54
9,21
9,101
9,138
9,143
9,149
9,169
9,236
9,11
9,32
9,1440
10,111
10,112
10,118
10,122
10,136
10,140
10,141
10,146
10,150
10,56
11,82
11,86
11,88
11,126
11,135
11,152
11,176
11,177
11,185
12,102
12,106
12,128
12,139
12,144
12,176
12,5
12,17
13,75
13,96
13,103
13,105
13,130
13,142
13,178
13,8
13,40
13,55
14,81
14,83
14,94
14,110
14,114
14,125
14,129
14,143
15,78
15,89
15,93
15,100
15,104
15,108
15,109
15,121
15,124
16,19
16,95
16,97
16,98
16,29
17,80
17,84
17,99
18,119
19,1
19,9
19,14
19,53
19,66
19,123
20,8
20,18
20,22
20,76
20,85
20,87
20,120
21,55
21,68
21,90
21,92
22,20
22,50
22,56
22,67
22,91
23,17
23,69
24,11
24,58
24,77
24,2
25,15
25,73
25,79
25,6
25,28
26,12
26,52
26,65
27,10
27,13
27,62
27,64
28,74
29,40
29,54
30,23
30,4
31,70
32,16
32,43
32,51
34,41
34,44
34,57
34,59
34,72
36,60
36,71
37,61
38,63
38,1
39,42
40,34
40,39
41,24
41,38
42,45
42,49
46,46
48,48
49,28
51,27
51,37
52,6
53,4
54,7
56,33
60,2
63,35
63,47
66,32
66,36
67,30
72,26
77,5
78,25
80,29
94,31
168,3
7,21
7,99
7,121
7,133
7,136
7,144
7,147
7,148
7,154
7,158
7,168
7,171
7,176
7,181
7,186
7,198
7,202
7,208
7,220
7,223
7,230
7,252
7,273
7,304
7,470
7,506
7,7
7,25
7,54
7,86
8,130
8,149
8,153
8,160
8,162
8,163
8,165
8,184
8,192
8,194
8,206
8,233
8,235
8,342
8,8
8,39
8,56
9,17
9,19
9,126
9,132
9,134
9,142
9,150
9,173
9,178
9,188
9,236
9,298
9,26
10,96
10,105
10,112
10,128
10,145
10,159
10,177
10,201
10,227
10,231
10,276
10,5
11,20
11,95
11,97
11,113
11,123
11,129
11,131
11,146
11,170
11,217
11,27
11,33
12,22
12,82
12,101
12,103
12,114
12,118
12,140
12,143
12,32
13,81
13,86
13,90
13,93
13,108
13,116
13,120
13,125
13,141
13,151
13,237
13,41
14,94
14,100
14,138
14,156
14,172
14,179
14,238
15,79
15,102
15,111
15,121
15,122
15,127
15,6
16,14
16,68
16,98
16,104
16,40
17,13
17,18
17,78
17,88
17,106
17,117
17,119
17,124
17,152
18,16
18,55
18,70
18,74
18,85
18,91
18,109
18,29
19,8
19,77
19,107
19,110
19,115
20,62
20,69
20,87
21,80
21,84
21,89
22,23
22,54
23,83
23,2
23,4
24,58
25,11
25,56
25,76
26,49
26,53
26,75
27,39
27,64
28,15
28,73
28,28
29,9
29,52
29,57
29,59
29,66
30,65
31,67
32,24
32,38
32,51
34,10
34,41
34,42
37,12
37,50
38,6
38,35
38,43
38,44
39,7
39,1
40,4
40,60
40,61
41,2
42,40
42,63
43,27
43,71
44,34
44,37
45,48
47,47
48,45
48,46
49,36
53,32
54,33
58,28
69,72
72,26
73,29
78,30
84,25
93,5
93,31
181,3
7,154
7,163
7,165
7,175
7,183
7,203
7,208
7,254
7,256
7,290
7,309
7,350
7,476
7,520
7,556
7,587
7,601
7,1863
7,25
7,82
8,134
8,138
8,141
8,148
8,156
8,158
8,160
8,187
8,191
8,194
8,195
8,209
8,212
8,235
8,239
8,252
8,253
8,274
8,308
8,312
8,353
8,379
8,5
8,8
8,38
8,41
8,42
9,102
9,114
9,115
9,125
9,127
9,133
9,155
9,168
9,176
9,192
9,221
9,231
9,250
9,273
9,11
9,16
9,31
9,55
10,21
10,107
10,142
10,169
10,184
10,207
10,234
10,237
10,12
10,28
10,52
10,56
11,83
11,100
11,113
11,132
11,139
11,161
11,177
11,188
11,232
11,238
12,78
12,90
12,136
12,143
12,26
12,32
13,8
13,101
13,104
13,105
13,117
13,131
13,145
13,147
13,171
13,174
13,181
13,210
13,27
14,18
14,19
14,22
14,103
14,106
14,109
14,121
14,123
14,126
14,140
14,149
14,151
14,157
14,202
15,69
15,93
15,111
15,146
15,152
15,201
15,216
16,20
16,75
16,79
16,84
16,94
16,29
17,81
17,95
17,96
17,99
17,108
17,118
17,120
17,153
17,162
18,17
18,86
18,89
18,129
18,150
19,14
19,80
19,88
19,40
20,66
20,124
20,144
20,4
21,13
21,23
21,116
21,137
21,2
22,76
22,85
22,87
22,122
23,119
24,11
24,15
24,52
24,82
24,98
24,110
25,74
25,91
26,10
26,16
26,50
26,68
26,77
26,97
26,6
27,53
28,92
29,12
29,55
29,62
29,71
30,9
30,40
30,56
31,39
31,65
31,70
32,67
32,73
33,51
33,1
34,6
34,41
35,45
35,49
36,44
37,63
38,2
38,43
38,59
38,72
39,54
40,4
40,24
40,64
41,57
42,60
43,58
46,38
46,61
47,42
51,34
51,46
52,5
53,33
53,47
57,28
57,35
57,48
59,27
66,36
68,29
68,37
72,7
77,25
77,32
79,30
82,31
102,26
185,3
7,135
7,149
7,165
7,173
7,179
7,181
7,185
7,189
7,204
7,207
7,208
7,217
7,220
7,231
7,244
7,245
7,246
7,276
7,297
7,382
7,524
7,599
7,605
7,651
7,4
7,16
7,29
7,34
7,47
7,58
7,65
7,495
8,109
8,114
8,131
8,136
8,139
8,155
8,172
8,196
8,200
8,211
8,214
8,218
8,275
8,321
8,324
8,496
8,498
8,609
8,611
8,615
8,652
8,11
8,496
9,95
9,120
9,137
9,146
9,160
9,164
9,166
9,167
9,184
9,492
9,645
9,650
9,6
9,30
9,40
9,42
10,126
10,134
10,144
10,148
10,150
10,151
10,154
10,238
10,491
10,536
10,641
10,9
11,105
11,111
11,115
11,127
11,128
11,143
11,145
11,174
11,215
11,235
11,240
11,521
11,41
11,55
12,82
12,94
12,100
12,104
12,112
12,162
12,182
12,202
12,497
12,3
12,8
12,27
12,39
12,60
13,8
13,106
13,129
13,140
13,152
13,17
13,25
14,132
15,17
15,93
15,101
15,113
15,116
15,117
15,118
15,142
15,649
16,22
16,69
16,76
16,86
16,88
16,96
16,99
16,102
16,103
16,107
16,119
16,123
16,130
17,21
17,125
17,12
17,32
18,66
18,68
18,79
18,83
18,97
18,98
18,647
18,5
19,18
19,87
19,110
19,2
19,33
20,19
20,53
20,57
20,77
20,78
20,28
21,80
21,81
21,85
21,121
21,124
21,646
21,648
21,6
22,59
22,74
22,75
22,92
23,11
23,14
23,15
23,20
23,41
23,84
23,108
23,122
24,9
24,54
24,55
25,56
25,89
25,90
26,91
27,23
27,58
27,70
28,51
28,52
28,67
29,62
30,39
31,50
32,10
32,65
33,72
34,45
34,73
34,4
35,71
35,1
36,64
38,38
38,40
39,6
39,13
39,42
39,43
40,46
42,49
42,63
44,35
44,60
45,61
46,48
47,24
47,34
52,37
53,16
56,12
56,28
58,36
59,7
59,27
60,44
60,47
62,33
66,4
66,32
70,2
81,26
84,30
87,5
96,29
102,31
113,25
208,3
7,1
7,145
7,148
7,151
7,159
7,160
7,163
7,164
7,171
7,175
7,176
7,184
7,189
7,204
7,205
7,208
7,225
7,283
7,309
7,520
7,522
7,524
7,790
7,892
7,7
7,12
7,17
7,34
8,17
8,92
8,114
8,120
8,130
8,131
8,135
8,136
8,139
8,149
8,157
8,165
8,169
8,177
8,188
8,214
8,281
8,519
8,613
8,614
8,16
8,30
8,39
8,45
8,56
9,81
9,82
9,102
9,108
9,117
9,124
9,126
9,132
9,140
9,154
9,173
9,178
9,192
9,227
9,236
9,8
9,27
9,55
10,78
10,85
10,88
10,89
10,121
10,142
10,150
10,153
10,161
10,166
11,68
11,76
11,83
11,96
11,97
11,105
11,112
11,113
11,118
11,119
11,123
11,146
11,181
11,3
12,18
12,21
12,95
12,103
12,106
12,116
12,122
12,147
12,33
12,41
13,41
13,73
13,75
13,80
13,107
13,125
13,891
14,87
15,22
15,69
15,79
15,86
15,91
15,109
15,111
15,115
15,5
16,20
16,77
16,93
16,94
17,54
17,56
17,99
17,4
18,19
18,55
18,84
18,29
19,50
19,53
19,65
19,98
19,28
20,23
20,62
20,74
20,104
20,6
21,15
22,14
22,52
23,8
23,59
24,13
24,66
24,72
25,42
26,64
26,71
27,11
28,9
28,44
28,58
28,2
29,16
29,67
29,70
30,40
30,57
31,38
32,39
32,51
32,61
33,10
35,43
36,90
37,35
38,46
39,45
39,63
39,1
40,47
41,28
41,32
42,24
42,49
45,60
46,37
49,48
50,34
52,27
54,12
55,6
55,29
55,31
56,4
56,7
61,33
63,36
70,30
75,5
78,2
82,26
86,25
257,3
7,18
7,19
7,84
7,91
7,96
7,104
7,107
7,110
7,112
7,123
7,145
7,147
7,149
7,161
7,178
7,184
7,189
7,202
7,210
7,221
7,227
7,238
7,309
7,581
7,6
7,7
7,22
7,58
7,370
8,88
8,100
8,119
8,137
8,141
8,142
8,144
8,153
8,7
8,44
8,580
8,581
9,21
9,22
9,109
9,111
9,113
9,118
9,125
9,126
9,42
10,81
10,93
10,95
10,101
10,103
10,122
10,130
10,219
10,229
10,236
10,4
10,13
10,28
10,29
11,87
11,116
11,117
11,17
11,27
11,41
12,11
12,67
12,75
12,78
12,86
12,94
12,12
12,34
13,82
13,124
13,148
14,23
14,52
14,83
14,90
14,108
14,183
14,5
14,33
15,53
15,76
15,92
15,97
15,99
15,120
16,54
16,55
16,68
16,69
16,89
16,155
17,14
17,56
17,70
17,79
17,121
17,26
18,62
18,72
18,3
19,8
19,10
19,58
19,65
19,71
19,98
19,4
20,15
20,77
20,6
21,13
21,74
22,41
22,64
23,196
24,59
25,24
25,63
27,9
27,16
27,46
27,50
27,85
28,40
28,57
28,73
29,38
29,47
30,39
30,45
31,7
31,32
31,43
32,49
32,61
32,66
33,28
33,33
33,42
33,51
33,2
35,6
35,12
35,44
36,2
37,48
37,60
38,34
39,1
40,4
41,27
42,35
48,36
51,37
56,5
66,30
67,25
68,29
68,31
72,26
199,3
7,1
7,80
7,112
7,114
7,128
7,133
7,140
7,143
7,177
7,220
7,233
7,241
7,289
7,3
7,11
7,38
7,56
8,103
8,134
8,135
8,141
8,144
8,146
8,147
8,156
8,163
8,165
8,173
8,181
8,211
8,213
8,235
8,242
8,243
8,268
8,278
8,291
8,7
8,16
8,27
9,86
9,92
9,95
9,107
9,117
9,150
9,167
9,216
9,7
9,9
9,25
9,32
9,40
10,94
10,96
10,97
10,106
10,115
10,118
10,136
10,176
10,197
10,219
10,2888
10,15
10,21
11,82
11,110
11,123
11,137
11,145
11,148
11,182
11,5
11,45
11,57
12,75
12,83
12,89
12,91
12,129
12,8
12,41
12,42
13,17
13,71
13,81
13,87
13,116
13,119
13,126
14,22
14,77
14,85
14,100
14,104
14,108
14,111
14,124
15,18
15,21
15,70
15,88
15,98
15,101
15,105
15,113
15,3
16,76
16,84
16,93
16,122
16,125
16,33
17,19
17,99
17,30
18,68
19,8
19,20
19,67
19,79
19,28
20,120
21,54
21,69
21,4
21,12
22,121
23,56
23,2
23,6
24,11
24,90
24,29
25,53
25,72
25,74
26,41
26,58
26,78
28,14
28,52
28,59
29,66
30,9
30,23
30,40
30,62
30,65
34,57
35,44
35,51
35,73
36,50
36,63
37,55
39,45
39,46
40,10
40,42
41,13
41,60
41,61
43,35
44,15
44,27
44,43
46,39
47,2
47,64
48,24
51,38
52,6
54,48
55,34
55,49
56,7
56,28
58,37
59,32
62,4
62,1
63,12
67,36
69,16
70,29
70,47
73,33
85,31
86,30
94,26
103,5
104,25
305,3
7,81
7,93
7,105
7,106
7,130
7,150
7,154
7,185
7,212
7,214
7,215
7,282
7,12
7,11
7,16
7,30
8,21
8,53
8,66
8,69
8,82
8,87
8,95
8,114
8,116
8,117
8,137
8,138
8,140
8,145
8,160
8,288
8,26
8,58
8,291
9,8
9,17
9,79
9,90
9,97
9,102
9,108
9,111
9,112
9,123
9,167
9,7
10,14
10,16
10,20
10,50
10,88
10,99
10,101
10,109
10,129
10,146
10,148
10,242
10,33
10,1386
11,85
11,92
11,3
12,56
12,75
12,91
12,110
12,121
12,8
12,28
12,41
13,71
13,77
13,84
13,113
13,128
14,18
14,54
14,119
14,2
15,22
15,86
16,51
16,70
16,115
16,124
17,11
17,15
17,19
17,41
17,63
17,74
18,61
18,89
18,122
18,149
18,5
19,23
19,60
19,62
19,64
19,127
19,29
20,72
20,4
21,55
21,65
22,58
22,59
23,43
23,44
23,45
23,125
24,38
24,40
24,52
24,57
25,9
26,10
26,13
26,46
26,73
29,34
30,12
32,39
32,6
33,42
33,47
34,37
34,48
36,27
36,35
36,36
37,6
37,7
39,4
40,49
41,28
43,24
44,31
44,1
45,2
46,33
53,30
55,32
58,26
61,29
63,5
69,25
212,3
7,75
7,78
7,88
7,91
7,94
7,112
7,120
7,136
7,144
7,158
7,159
7,178
7,238
7,252
7,11
7,26
7,30
7,61
7,183
8,76
8,102
8,114
8,139
8,161
8,243
8,309
8,27
8,38
8,58
9,68
9,81
9,98
9,100
9,109
9,110
9,117
9,118
9,121
9,140
9,160
9,241
9,33
9,42
9,57
10,21
10,59
10,63
10,95
10,96
10,177
10,41
10,44
11,18
11,67
11,80
11,85
11,86
11,105
11,111
11,4
11,3
12,8
12,17
12,89
12,101
12,107
12,116
12,4
12,5
12,28
13,53
13,77
13,82
13,90
13,119
13,143
14,57
14,73
14,92
14,99
14,108
14,123
14,126
14,131
14,146
15,51
15,55
15,64
15,69
16,52
16,65
16,125
16,6
17,14
17,56
17,70
18,23
18,71
18,74
18,8
18,29
19,9
19,16
19,46
19,87
21,45
22,15
22,20
22,40
22,42
22,47
22,66
22,72
23,122
24,41
24,54
24,58
24,62
25,32
25,38
25,60
26,10
27,11
29,12
29,28
29,44
29,2
30,39
30,50
30,61
31,34
32,35
32,43
35,6
35,31
35,37
36,13
37,27
39,29
40,24
40,48
40,49
41,33
41,36
50,30
53,4
56,26
58,7
59,1
63,25
67,5
69,2
222,3
7,20
7,21
7,77
7,88
7,89
7,102
7,103
7,110
7,120
7,126
7,133
7,144
7,147
7,148
7,163
7,166
7,176
7,187
7,188
7,2
7,8
8,116
8,125
8,137
8,153
8,157
8,170
8,177
8,216
8,223
8,224
8,353
9,22
9,97
9,104
9,114
9,117
9,121
9,124
9,135
9,152
9,207
9,27
9,28
10,15
10,19
10,85
10,90
10,122
10,146
10,149
11,17
11,51
11,74
11,76
11,98
11,99
11,105
11,106
11,107
11,108
11,111
12,11
12,79
12,86
12,94
12,112
12,113
13,62
13,65
13,70
13,80
13,92
13,95
13,118
13,128
13,1
13,38
14,16
14,38
14,82
14,115
15,8
15,66
15,1
15,4
16,13
16,55
16,69
16,87
16,91
16,6
17,14
17,50
17,54
17,78
17,93
17,140
18,41
18,75
19,52
19,59
19,71
19,83
19,84
20,48
20,49
21,10
21,56
21,57
21,139
22,23
22,39
22,61
22,73
23,60
24,9
24,58
24,64
24,68
25,53
26,36
28,24
28,37
28,40
28,42
28,44
29,43
29,63
32,32
33,47
35,6
35,27
35,33
36,26
37,45
38,29
39,4
39,67
40,30
42,12
42,35
43,31
44,25
44,34
49,2
50,46
61,5
65,7
74,28
81,72
222,3
7,19
7,122
7,131
7,134
7,136
7,149
7,168
7,172
7,175
7,230
7,231
7,252
7,261
7,264
7,300
7,304
7,1124
7,8
7,70
7,990
8,18
8,77
8,107
8,109
8,112
8,135
8,139
8,146
8,155
8,163
8,180
8,181
8,186
8,187
8,196
8,206
8,228
8,238
8,11
8,16
8,17
8,32
8,56
8,57
9,85
9,100
9,106
9,120
9,130
9,141
9,142
9,144
9,153
9,154
9,165
9,233
9,234
9,25
9,27
10,20
10,21
10,94
10,114
10,126
10,128
10,150
10,158
10,169
10,195
10,219
10,38
11,17
11,81
11,97
11,98
11,111
11,117
11,124
11,148
11,161
11,174
11,243
11,2
12,74
12,89
12,101
12,104
12,137
12,143
12,177
13,39
13,52
13,55
13,102
13,110
13,116
13,118
13,119
13,125
13,138
13,151
14,79
14,80
14,90
14,115
14,129
15,11
15,75
15,88
15,103
15,105
15,140
15,147
16,22
16,23
16,51
16,67
16,92
16,95
16,157
16,4
17,65
17,66
17,71
17,28
18,87
18,91
18,108
18,29
19,53
19,54
19,59
19,93
19,96
20,14
20,50
20,82
20,39
21,68
21,76
21,121
21,6
22,40
23,60
23,84
24,56
24,70
24,73
24,78
26,16
26,38
26,42
26,61
26,1
27,62
27,83
27,86
28,4
28,9
28,37
28,57
29,58
30,8
30,10
30,15
30,69
31,41
32,13
34,44
34,49
35,27
38,6
38,7
39,63
40,12
40,24
40,45
42,2
42,43
42,64
43,72
48,5
49,47
50,26
51,34
52,48
53,46
54,33
55,25
55,35
57,32
58,36
63,28
68,29
75,31
83,30
199,3
