ShipmentCount,MonthNumber
9,12
10,12
11,12
17,12
7,11
7,11
8,11
9,11
9,11
22,11
25,11
7,10
7,10
9,10
10,10
16,10
33,10
7,9
7,9
8,9
8,9
10,9
10,9
19,9
7,8
7,8
7,8
8,8
10,8
22,8
7,12
9,12
9,12
9,12
9,12
13,12
14,12
16,12
8,11
10,11
8,10
8,10
9,10
12,10
7,9
8,9
8,9
10,9
7,8
7,8
7,8
8,8
8,8
10,8
11,8
11,8
14,8
8,7
9,7
16,7
16,7
17,7
7,6
7,6
7,6
8,6
8,6
9,6
9,6
9,6
10,6
14,6
18,6
20,6
7,5
8,5
8,5
11,5
14,5
17,5
8,4
8,4
18,4
18,4
23,4
7,3
7,3
9,3
10,3
12,3
14,3
24,3
7,2
8,2
9,2
11,2
24,2
7,1
12,1
17,1
7,12
7,11
8,9
8,9
9,9
8,8
8,8
11,8
7,7
8,7
9,7
10,7
14,7
7,6
8,6
11,6
12,6
12,6
13,6
7,5
7,5
7,5
7,5
10,5
10,5
7,4
7,4
8,4
8,4
8,4
9,4
11,4
11,4
12,4
15,4
16,4
17,4
19,4
7,3
8,3
8,3
12,3
9,2
9,2
9,11
7,10
9,9
7,7
13,7
7,6
8,6
7,5
9,2
9,2
7,12
9,9
7,12
7,11
7,9
7,1
7,1
9,11
7,9
8,9
11,9
7,5
10,4
10,12
7,11
8,3
8,2
9,1
12,1
7,12
7,12
7,12
7,12
7,12
7,12
7,12
8,12
8,12
8,12
8,12
8,12
9,12
10,12
11,12
11,12
13,12
13,12
15,12
16,12
18,12
19,12
33,12
7,11
7,11
7,11
7,11
7,11
7,11
7,11
8,11
8,11
8,11
8,11
8,11
8,11
8,11
10,11
10,11
10,11
11,11
12,11
13,11
14,11
16,11
17,11
18,11
23,11
25,11
7,10
7,10
7,10
7,10
7,10
7,10
7,10
7,10
7,10
7,10
7,10
8,10
8,10
8,10
8,10
8,10
8,10
9,10
9,10
9,10
10,10
10,10
10,10
11,10
11,10
12,10
12,10
12,10
13,10
14,10
22,10
22,10
26,10
47,10
7,9
7,9
7,9
7,9
7,9
7,9
7,9
7,9
7,9
8,9
8,9
8,9
8,9
8,9
8,9
9,9
10,9
11,9
11,9
11,9
11,9
11,9
11,9
12,9
12,9
12,9
12,9
12,9
13,9
13,9
15,9
18,9
26,9
7,8
7,8
7,8
7,8
7,8
8,8
11,8
11,8
12,8
12,8
12,8
13,8
16,8
17,8
18,8
7,12
7,12
7,12
7,12
7,12
9,12
10,12
13,12
14,12
15,12
16,12
18,12
19,12
19,12
21,12
7,11
7,11
7,11
8,11
13,11
14,11
14,11
14,11
16,11
17,11
19,11
7,10
7,10
9,10
9,10
11,10
12,10
13,10
14,10
15,10
20,10
25,10
26,10
33,10
46,10
7,9
7,9
7,9
7,9
8,9
9,9
9,9
9,9
10,9
10,9
10,9
15,9
16,9
28,9
7,8
7,8
7,8
7,8
7,8
7,8
8,8
8,8
9,8
9,8
9,8
10,8
10,8
10,8
11,8
20,8
21,8
21,8
30,8
7,7
7,7
7,7
7,7
7,7
8,7
9,7
10,7
11,7
12,7
13,7
14,7
14,7
15,7
18,7
20,7
28,7
7,6
7,6
8,6
9,6
10,6
10,6
12,6
12,6
13,6
14,6
14,6
16,6
16,6
17,6
18,6
7,5
7,5
8,5
8,5
8,5
9,5
9,5
10,5
11,5
15,5
15,5
17,5
20,5
22,5
23,5
7,4
7,4
7,4
7,4
7,4
8,4
8,4
9,4
9,4
9,4
11,4
11,4
13,4
14,4
15,4
17,4
17,4
20,4
20,4
39,4
7,3
7,3
8,3
8,3
8,3
8,3
8,3
8,3
8,3
9,3
9,3
9,3
9,3
9,3
9,3
10,3
10,3
10,3
11,3
11,3
12,3
13,3
13,3
14,3
16,3
19,3
7,2
7,2
7,2
7,2
8,2
9,2
9,2
10,2
11,2
13,2
15,2
16,2
17,2
17,2
19,2
7,1
7,1
7,1
8,1
8,1
9,1
9,1
10,1
11,1
12,1
12,1
13,1
15,1
16,1
16,1
18,1
20,1
7,12
7,12
11,12
11,12
13,12
13,12
14,12
14,12
15,12
20,12
21,12
24,12
29,12
35,12
52,12
7,11
7,11
7,11
7,11
7,11
9,11
9,11
9,11
10,11
11,11
11,11
11,11
12,11
12,11
13,11
13,11
14,11
14,11
17,11
30,11
34,11
50,11
83,11
134,11
7,10
7,10
7,10
7,10
10,10
10,10
11,10
13,10
15,10
18,10
24,10
25,10
7,9
7,9
8,9
8,9
9,9
11,9
11,9
15,9
19,9
29,9
40,9
7,8
7,8
7,8
8,8
8,8
8,8
10,8
12,8
12,8
12,8
13,8
15,8
16,8
18,8
18,8
22,8
27,8
38,8
7,7
11,7
12,7
12,7
13,7
15,7
24,7
7,6
7,6
7,6
7,6
7,6
7,6
8,6
8,6
8,6
8,6
9,6
9,6
11,6
13,6
13,6
15,6
24,6
25,6
26,6
7,5
8,5
8,5
8,5
9,5
11,5
12,5
12,5
13,5
15,5
19,5
27,5
7,4
7,4
7,4
7,4
7,4
7,4
7,4
7,4
7,4
7,4
7,4
8,4
8,4
8,4
9,4
9,4
10,4
13,4
14,4
17,4
18,4
21,4
25,4
7,3
7,3
7,3
7,3
7,3
7,3
8,3
8,3
8,3
8,3
9,3
9,3
9,3
9,3
10,3
10,3
12,3
17,3
20,3
34,3
8,2
8,2
8,2
9,2
9,2
10,2
11,2
13,2
13,2
13,2
14,2
17,2
19,2
7,1
7,1
7,1
7,1
7,1
7,1
7,1
7,1
9,1
9,1
10,1
14,1
19,1
19,1
21,1
7,12
8,12
8,12
8,12
8,12
9,12
9,12
9,12
10,12
10,12
10,12
10,12
10,12
11,12
11,12
13,12
15,12
18,12
7,11
7,11
7,11
7,11
7,11
7,11
8,11
8,11
8,11
8,11
9,11
9,11
10,11
10,11
10,11
10,11
10,11
11,11
14,11
16,11
18,11
23,11
25,11
7,10
7,10
7,10
7,10
8,10
8,10
8,10
10,10
10,10
10,10
12,10
12,10
14,10
14,10
14,10
23,10
7,9
7,9
7,9
7,9
7,9
7,9
8,9
8,9
10,9
11,9
12,9
13,9
21,9
7,8
7,8
7,8
7,8
7,8
7,8
7,8
7,8
7,8
7,8
7,8
7,8
8,8
8,8
8,8
8,8
8,8
8,8
9,8
9,8
9,8
9,8
10,8
10,8
10,8
10,8
11,8
11,8
11,8
13,8
13,8
13,8
15,8
15,8
15,8
19,8
21,8
28,8
35,8
35,8
7,7
7,7
7,7
8,7
8,7
8,7
9,7
9,7
10,7
10,7
19,7
20,7
23,7
27,7
7,6
7,6
7,6
8,6
8,6
9,6
9,6
10,6
11,6
13,6
14,6
15,6
18,6
20,6
7,5
7,5
7,5
8,5
8,5
8,5
8,5
8,5
9,5
9,5
12,5
14,5
15,5
17,5
20,5
7,4
7,4
7,4
7,4
7,4
8,4
8,4
9,4
11,4
11,4
12,4
13,4
14,4
14,4
18,4
21,4
24,4
33,4
55,4
76,4
7,3
7,3
7,3
7,3
7,3
7,3
8,3
8,3
8,3
9,3
9,3
10,3
12,3
12,3
25,3
26,3
27,3
27,3
29,3
36,3
7,2
7,2
7,2
7,2
7,2
9,2
9,2
10,2
10,2
13,2
13,2
14,2
16,2
20,2
23,2
37,2
66,2
7,1
7,1
8,1
11,1
14,1
14,1
17,1
17,1
18,1
25,1
37,1
54,1
7,2
7,2
8,2
8,2
8,2
8,2
9,2
9,2
10,2
12,2
14,2
14,2
20,2
32,2
7,1
7,1
7,1
7,1
8,1
8,1
8,1
8,1
9,1
9,1
10,1
10,1
10,1
11,1
11,1
11,1
12,1
13,1
15,1
16,1
25,1
28,1
29,1
7,12
7,12
7,12
7,12
8,12
8,12
8,12
8,12
9,12
9,12
9,12
9,12
10,12
13,12
13,12
15,12
15,12
19,12
19,12
7,11
7,11
8,11
8,11
8,11
9,11
9,11
9,11
10,11
15,11
17,11
18,11
21,11
7,10
7,10
7,10
7,10
7,10
7,10
7,10
7,10
7,10
8,10
8,10
8,10
9,10
9,10
11,10
11,10
11,10
12,10
16,10
16,10
25,10
7,9
7,9
7,9
7,9
7,9
7,9
8,9
8,9
8,9
8,9
9,9
9,9
10,9
10,9
10,9
11,9
16,9
19,9
23,9
7,8
7,8
7,8
7,8
7,8
7,8
7,8
7,8
8,8
8,8
9,8
9,8
11,8
12,8
7,12
8,12
8,12
9,12
10,12
11,12
11,12
15,12
18,12
19,12
36,12
8,11
8,11
9,11
11,11
7,10
7,10
7,10
7,10
7,10
8,10
8,10
8,10
8,10
10,10
12,10
21,10
7,9
7,9
7,9
7,9
7,9
8,9
8,9
9,9
9,9
9,9
10,9
13,9
14,9
14,9
18,9
7,8
7,8
7,8
7,8
7,8
7,8
8,8
8,8
9,8
12,8
7,7
7,7
8,7
8,7
8,7
8,7
8,7
9,7
9,7
9,7
10,7
16,7
8,6
8,6
8,6
8,6
8,6
9,6
9,6
9,6
9,6
10,6
11,6
12,6
27,6
7,5
7,5
7,5
7,5
8,5
8,5
9,5
7,4
7,4
7,4
7,4
7,4
7,4
7,4
8,4
8,4
8,4
8,4
8,4
9,4
9,4
11,4
13,4
14,4
16,4
22,4
7,3
7,3
7,3
7,3
7,3
7,3
7,3
8,3
8,3
8,3
8,3
8,3
8,3
8,3
9,3
9,3
10,3
10,3
10,3
13,3
13,3
7,2
7,2
7,2
7,2
8,2
8,2
8,2
8,2
9,2
9,2
9,2
10,2
10,2
11,2
7,1
7,1
7,1
7,1
8,1
9,1
9,1
9,1
9,1
10,1
11,1
15,1
16,1
7,12
8,12
10,12
18,12
7,11
8,11
9,11
10,11
11,11
32,11
7,10
8,10
13,10
14,10
23,10
7,9
8,9
10,9
11,9
35,9
7,8
8,8
8,8
8,8
9,8
10,8
13,8
7,7
7,7
7,7
14,7
7,6
7,6
7,6
7,6
7,6
7,6
7,6
8,6
8,6
10,6
7,5
7,5
7,5
8,5
8,5
10,5
12,5
14,5
19,5
37,5
7,4
8,4
10,4
10,4
12,4
17,4
33,4
7,3
7,3
8,3
9,3
10,3
10,3
12,3
40,3
7,2
8,2
10,2
13,2
14,2
7,1
7,1
7,1
7,1
8,1
8,1
8,1
9,1
11,1
11,1
24,1
7,12
7,12
8,12
9,12
10,12
10,12
11,12
14,12
7,11
8,11
8,11
8,11
9,11
9,11
10,11
10,11
14,11
7,10
7,10
7,10
8,10
10,10
10,10
7,9
7,9
7,9
9,9
9,9
11,9
7,8
8,8
11,8
12,8
7,7
8,7
7,6
8,6
8,6
9,6
11,6
12,6
17,6
7,5
8,5
10,5
14,5
17,5
24,5
7,4
8,4
9,4
9,4
10,4
12,4
13,4
19,4
7,3
9,3
10,3
10,3
10,3
11,3
12,3
14,3
14,3
15,3
18,3
40,3
7,2
7,2
10,2
10,2
10,2
12,2
12,2
14,2
7,1
7,1
8,1
9,1
11,1
11,1
12,1
14,1
28,1
8,2
8,2
12,2
14,2
7,1
7,1
8,1
13,1
15,1
8,10
7,9
7,9
8,9
7,12
7,9
11,9
7,8
7,8
8,8
7,7
7,6
7,6
7,6
8,6
9,6
7,5
9,5
7,4
8,4
8,4
8,4
9,4
9,4
11,4
7,3
7,3
7,3
9,3
7,2
7,2
8,2
8,2
11,2
7,1
7,1
7,1
7,1
9,1
7,11
8,11
7,10
9,8
7,7
7,7
8,7
7,6
7,5
7,5
7,3
7,2
8,2
10,12
11,12
19,11
7,9
7,8
7,8
7,8
7,7
9,6
7,5
14,5
7,4
10,4
9,3
10,3
7,1
8,1
8,1
8,2
7,1
9,1
7,11
8,8
11,8
13,8
7,7
11,7
14,7
21,7
7,5
7,3
10,12
7,10
8,8
9,8
10,8
15,8
24,8
8,7
10,7
12,7
7,6
7,6
7,6
9,6
10,6
14,6
7,5
7,5
8,5
10,5
26,5
12,4
12,4
16,4
7,3
7,3
7,3
9,3
10,3
13,3
13,3
19,3
68,3
14,2
15,2
16,2
20,2
7,1
11,1
9,9
7,7
7,3
10,1
8,12
9,12
8,6
22,2
7,1
25,1
7,12
7,12
7,12
8,12
8,12
8,12
8,12
8,12
8,12
9,12
9,12
9,12
9,12
10,12
11,12
12,12
12,12
12,12
12,12
12,12
12,12
13,12
13,12
13,12
14,12
14,12
14,12
16,12
16,12
16,12
16,12
17,12
18,12
19,12
20,12
22,12
22,12
31,12
34,12
35,12
53,12
56,12
59,12
70,12
77,12
101,12
7,11
7,11
7,11
7,11
8,11
8,11
9,11
9,11
10,11
10,11
10,11
10,11
10,11
10,11
10,11
10,11
11,11
12,11
12,11
13,11
13,11
14,11
16,11
17,11
17,11
19,11
19,11
21,11
21,11
32,11
32,11
36,11
37,11
38,11
49,11
52,11
64,11
7,10
7,10
7,10
7,10
7,10
7,10
7,10
7,10
8,10
8,10
8,10
8,10
9,10
9,10
9,10
10,10
10,10
10,10
11,10
11,10
11,10
12,10
12,10
12,10
14,10
14,10
14,10
15,10
15,10
16,10
18,10
19,10
20,10
21,10
21,10
22,10
25,10
25,10
29,10
31,10
38,10
39,10
40,10
41,10
55,10
62,10
63,10
135,10
7,9
7,9
8,9
8,9
8,9
8,9
8,9
8,9
8,9
8,9
8,9
8,9
9,9
9,9
9,9
9,9
9,9
10,9
10,9
11,9
11,9
12,9
12,9
12,9
13,9
13,9
13,9
14,9
14,9
15,9
15,9
16,9
19,9
19,9
20,9
20,9
21,9
22,9
22,9
23,9
24,9
24,9
26,9
28,9
29,9
33,9
45,9
77,9
83,9
8,8
8,8
8,8
8,8
9,8
9,8
9,8
9,8
9,8
10,8
10,8
10,8
11,8
11,8
11,8
12,8
12,8
13,8
13,8
17,8
19,8
22,8
23,8
25,8
26,8
31,8
40,8
41,8
77,8
7,12
7,12
7,12
7,12
7,12
8,12
8,12
8,12
8,12
9,12
9,12
12,12
12,12
13,12
13,12
13,12
17,12
17,12
17,12
19,12
27,12
29,12
29,12
30,12
31,12
34,12
47,12
58,12
61,12
141,12
7,11
7,11
7,11
8,11
8,11
8,11
8,11
9,11
9,11
9,11
10,11
10,11
10,11
11,11
11,11
11,11
11,11
13,11
14,11
16,11
19,11
20,11
20,11
22,11
29,11
29,11
30,11
32,11
36,11
43,11
45,11
48,11
61,11
160,11
7,10
7,10
8,10
8,10
8,10
8,10
9,10
9,10
9,10
10,10
11,10
11,10
12,10
13,10
14,10
15,10
15,10
15,10
16,10
16,10
21,10
22,10
25,10
35,10
37,10
37,10
52,10
52,10
60,10
91,10
7,9
7,9
7,9
7,9
7,9
8,9
8,9
8,9
8,9
9,9
9,9
9,9
9,9
9,9
9,9
9,9
13,9
13,9
14,9
18,9
19,9
20,9
23,9
24,9
25,9
27,9
30,9
33,9
35,9
42,9
43,9
51,9
114,9
7,8
7,8
7,8
7,8
7,8
8,8
8,8
8,8
8,8
9,8
9,8
9,8
10,8
10,8
10,8
12,8
12,8
12,8
12,8
13,8
13,8
15,8
16,8
18,8
25,8
30,8
33,8
37,8
38,8
38,8
39,8
47,8
71,8
7,7
7,7
7,7
7,7
7,7
7,7
8,7
8,7
9,7
9,7
9,7
9,7
10,7
10,7
10,7
10,7
10,7
12,7
13,7
13,7
14,7
14,7
17,7
18,7
20,7
23,7
23,7
24,7
26,7
31,7
31,7
32,7
34,7
43,7
53,7
53,7
53,7
66,7
117,7
7,6
8,6
8,6
8,6
9,6
9,6
9,6
11,6
11,6
11,6
12,6
13,6
13,6
14,6
14,6
15,6
15,6
15,6
15,6
16,6
16,6
17,6
19,6
21,6
22,6
30,6
32,6
34,6
51,6
56,6
59,6
63,6
136,6
7,5
7,5
7,5
7,5
7,5
8,5
8,5
9,5
10,5
10,5
11,5
12,5
12,5
13,5
13,5
14,5
16,5
16,5
17,5
20,5
22,5
23,5
26,5
26,5
33,5
38,5
48,5
66,5
85,5
7,4
7,4
7,4
8,4
8,4
9,4
9,4
9,4
9,4
9,4
9,4
9,4
13,4
13,4
13,4
13,4
14,4
19,4
20,4
21,4
21,4
22,4
24,4
31,4
32,4
32,4
33,4
36,4
50,4
56,4
66,4
104,4
7,3
7,3
7,3
8,3
8,3
8,3
8,3
9,3
9,3
9,3
10,3
10,3
10,3
11,3
13,3
13,3
13,3
14,3
14,3
15,3
17,3
17,3
17,3
20,3
21,3
22,3
23,3
27,3
30,3
32,3
34,3
36,3
38,3
39,3
44,3
46,3
73,3
109,3
7,2
7,2
7,2
7,2
7,2
7,2
8,2
9,2
9,2
9,2
9,2
10,2
10,2
10,2
12,2
12,2
12,2
12,2
12,2
13,2
13,2
13,2
13,2
16,2
17,2
22,2
25,2
26,2
27,2
30,2
36,2
39,2
40,2
42,2
44,2
50,2
74,2
7,1
7,1
7,1
7,1
7,1
8,1
8,1
8,1
9,1
10,1
10,1
11,1
11,1
11,1
14,1
15,1
16,1
16,1
18,1
21,1
23,1
24,1
26,1
28,1
35,1
39,1
40,1
49,1
51,1
62,1
7,12
7,12
7,12
7,12
7,12
7,12
7,12
7,12
7,12
7,12
7,12
7,12
7,12
7,12
7,12
7,12
7,12
8,12
8,12
8,12
8,12
8,12
8,12
8,12
8,12
8,12
9,12
9,12
9,12
9,12
9,12
10,12
10,12
10,12
10,12
10,12
11,12
11,12
12,12
12,12
13,12
14,12
17,12
17,12
18,12
20,12
21,12
22,12
27,12
39,12
40,12
41,12
42,12
56,12
60,12
74,12
162,12
204,12
7,11
7,11
7,11
7,11
7,11
7,11
7,11
7,11
7,11
7,11
8,11
8,11
8,11
8,11
8,11
8,11
9,11
9,11
9,11
9,11
10,11
10,11
10,11
10,11
10,11
10,11
11,11
11,11
11,11
11,11
12,11
12,11
12,11
12,11
13,11
15,11
17,11
18,11
18,11
26,11
32,11
40,11
51,11
52,11
128,11
128,11
7,10
7,10
7,10
7,10
7,10
7,10
7,10
7,10
7,10
7,10
7,10
7,10
7,10
8,10
8,10
8,10
8,10
8,10
8,10
8,10
8,10
8,10
8,10
9,10
9,10
9,10
9,10
9,10
9,10
10,10
10,10
10,10
11,10
11,10
11,10
12,10
12,10
14,10
14,10
14,10
15,10
15,10
15,10
17,10
17,10
17,10
21,10
22,10
23,10
39,10
42,10
67,10
81,10
157,10
183,10
7,9
7,9
7,9
7,9
7,9
7,9
7,9
7,9
8,9
8,9
8,9
8,9
8,9
8,9
8,9
8,9
8,9
8,9
8,9
9,9
9,9
9,9
9,9
9,9
10,9
10,9
10,9
10,9
11,9
11,9
12,9
12,9
14,9
15,9
16,9
19,9
22,9
22,9
28,9
32,9
53,9
55,9
112,9
134,9
7,8
7,8
7,8
7,8
7,8
7,8
7,8
7,8
7,8
7,8
8,8
8,8
8,8
8,8
8,8
8,8
8,8
8,8
8,8
9,8
9,8
9,8
9,8
9,8
9,8
10,8
10,8
10,8
10,8
11,8
11,8
11,8
11,8
12,8
12,8
13,8
14,8
14,8
15,8
16,8
18,8
18,8
19,8
20,8
21,8
36,8
43,8
51,8
65,8
99,8
180,8
7,7
7,7
7,7
7,7
7,7
7,7
7,7
7,7
7,7
7,7
7,7
7,7
7,7
8,7
8,7
8,7
8,7
8,7
8,7
8,7
8,7
9,7
9,7
9,7
9,7
9,7
9,7
9,7
10,7
10,7
11,7
11,7
11,7
11,7
12,7
13,7
13,7
13,7
14,7
15,7
18,7
18,7
18,7
19,7
20,7
20,7
21,7
23,7
42,7
51,7
61,7
70,7
121,7
165,7
7,6
7,6
7,6
7,6
7,6
8,6
8,6
8,6
8,6
8,6
8,6
8,6
9,6
9,6
9,6
9,6
9,6
9,6
9,6
9,6
9,6
11,6
11,6
12,6
12,6
12,6
12,6
12,6
14,6
14,6
14,6
15,6
16,6
17,6
19,6
21,6
22,6
25,6
41,6
49,6
63,6
111,6
154,6
7,5
7,5
7,5
7,5
7,5
7,5
8,5
8,5
8,5
8,5
8,5
8,5
8,5
8,5
8,5
8,5
8,5
8,5
8,5
9,5
9,5
9,5
9,5
10,5
10,5
11,5
11,5
11,5
11,5
11,5
11,5
12,5
13,5
13,5
14,5
14,5
17,5
17,5
17,5
17,5
18,5
18,5
19,5
23,5
24,5
24,5
25,5
26,5
30,5
40,5
41,5
44,5
45,5
64,5
78,5
169,5
210,5
7,4
8,4
8,4
8,4
9,4
9,4
9,4
9,4
10,4
11,4
11,4
14,4
15,4
16,4
16,4
18,4
20,4
36,4
40,4
57,4
59,4
75,4
133,4
226,4
7,3
7,3
8,3
8,3
8,3
9,3
9,3
9,3
9,3
10,3
11,3
11,3
12,3
13,3
15,3
17,3
19,3
22,3
25,3
26,3
35,3
39,3
46,3
60,3
134,3
159,3
7,2
7,2
7,2
8,2
9,2
9,2
9,2
9,2
10,2
11,2
11,2
13,2
13,2
15,2
15,2
16,2
17,2
18,2
22,2
27,2
31,2
32,2
34,2
34,2
36,2
36,2
37,2
60,2
65,2
141,2
7,1
7,1
7,1
8,1
8,1
9,1
9,1
9,1
9,1
9,1
9,1
10,1
12,1
12,1
13,1
14,1
17,1
21,1
25,1
28,1
31,1
34,1
37,1
37,1
43,1
61,1
142,1
7,12
7,12
7,12
8,12
8,12
8,12
10,12
10,12
14,12
14,12
14,12
16,12
17,12
21,12
30,12
37,12
52,12
61,12
240,12
7,11
7,11
7,11
7,11
7,11
7,11
7,11
8,11
8,11
8,11
8,11
9,11
9,11
10,11
11,11
11,11
11,11
12,11
21,11
22,11
23,11
27,11
29,11
39,11
70,11
216,11
7,10
7,10
7,10
8,10
9,10
9,10
9,10
9,10
9,10
10,10
12,10
12,10
13,10
14,10
14,10
17,10
17,10
22,10
27,10
32,10
41,10
47,10
82,10
188,10
7,9
7,9
7,9
7,9
8,9
9,9
11,9
12,9
12,9
12,9
13,9
14,9
20,9
21,9
22,9
23,9
33,9
34,9
46,9
46,9
69,9
96,9
7,8
7,8
7,8
7,8
7,8
7,8
7,8
8,8
8,8
8,8
8,8
8,8
8,8
8,8
8,8
9,8
9,8
9,8
9,8
9,8
9,8
9,8
9,8
10,8
10,8
10,8
11,8
11,8
11,8
11,8
12,8
12,8
12,8
13,8
14,8
14,8
15,8
15,8
15,8
16,8
16,8
16,8
17,8
19,8
22,8
24,8
29,8
29,8
30,8
44,8
51,8
53,8
54,8
112,8
158,8
7,7
7,7
7,7
7,7
7,7
7,7
7,7
7,7
8,7
8,7
8,7
8,7
8,7
8,7
8,7
8,7
8,7
8,7
8,7
8,7
8,7
8,7
9,7
9,7
9,7
9,7
9,7
10,7
10,7
10,7
10,7
10,7
10,7
11,7
12,7
12,7
12,7
14,7
14,7
15,7
15,7
15,7
15,7
16,7
16,7
16,7
17,7
19,7
22,7
24,7
24,7
24,7
25,7
28,7
29,7
33,7
33,7
36,7
40,7
42,7
47,7
57,7
76,7
134,7
175,7
7,6
7,6
7,6
7,6
7,6
7,6
7,6
7,6
7,6
7,6
7,6
7,6
7,6
8,6
8,6
8,6
8,6
8,6
8,6
8,6
8,6
9,6
9,6
9,6
9,6
9,6
9,6
9,6
9,6
9,6
10,6
10,6
10,6
10,6
10,6
11,6
11,6
12,6
12,6
12,6
12,6
12,6
12,6
13,6
14,6
14,6
15,6
15,6
16,6
16,6
16,6
17,6
17,6
17,6
18,6
18,6
19,6
21,6
22,6
25,6
33,6
41,6
45,6
45,6
53,6
56,6
56,6
68,6
173,6
175,6
7,5
7,5
7,5
7,5
7,5
7,5
7,5
7,5
7,5
7,5
7,5
7,5
7,5
7,5
8,5
8,5
8,5
8,5
8,5
8,5
9,5
9,5
9,5
9,5
9,5
10,5
10,5
10,5
10,5
10,5
10,5
10,5
10,5
10,5
10,5
10,5
10,5
11,5
11,5
11,5
11,5
11,5
11,5
11,5
11,5
12,5
12,5
12,5
12,5
14,5
14,5
14,5
14,5
14,5
15,5
16,5
16,5
17,5
17,5
19,5
19,5
19,5
20,5
20,5
22,5
27,5
27,5
30,5
31,5
40,5
41,5
48,5
49,5
59,5
76,5
144,5
151,5
7,4
7,4
7,4
7,4
7,4
7,4
7,4
7,4
7,4
7,4
7,4
7,4
7,4
7,4
7,4
8,4
8,4
8,4
8,4
8,4
8,4
8,4
8,4
8,4
8,4
8,4
9,4
9,4
10,4
10,4
10,4
10,4
10,4
11,4
11,4
11,4
11,4
12,4
13,4
14,4
15,4
15,4
16,4
16,4
16,4
17,4
18,4
19,4
19,4
20,4
20,4
21,4
22,4
22,4
23,4
23,4
24,4
28,4
30,4
31,4
35,4
37,4
49,4
50,4
52,4
76,4
92,4
170,4
7,3
7,3
7,3
7,3
7,3
7,3
7,3
7,3
7,3
7,3
8,3
8,3
8,3
8,3
8,3
8,3
8,3
8,3
9,3
9,3
9,3
9,3
9,3
9,3
9,3
9,3
10,3
10,3
10,3
10,3
10,3
10,3
10,3
10,3
11,3
11,3
11,3
11,3
11,3
11,3
12,3
12,3
12,3
12,3
13,3
13,3
14,3
14,3
14,3
15,3
16,3
16,3
16,3
17,3
17,3
18,3
19,3
19,3
20,3
20,3
21,3
21,3
22,3
23,3
23,3
24,3
25,3
26,3
34,3
35,3
37,3
39,3
40,3
42,3
47,3
63,3
75,3
199,3
7,2
7,2
7,2
7,2
7,2
7,2
7,2
7,2
7,2
7,2
7,2
7,2
8,2
8,2
8,2
8,2
9,2
9,2
9,2
9,2
10,2
10,2
10,2
11,2
11,2
11,2
12,2
12,2
12,2
12,2
12,2
13,2
14,2
14,2
15,2
15,2
16,2
16,2
16,2
17,2
22,2
22,2
22,2
23,2
26,2
27,2
29,2
34,2
34,2
46,2
46,2
53,2
130,2
7,1
7,1
7,1
7,1
7,1
7,1
7,1
7,1
7,1
7,1
7,1
7,1
7,1
7,1
7,1
8,1
8,1
8,1
8,1
8,1
8,1
8,1
8,1
8,1
8,1
8,1
8,1
8,1
8,1
8,1
8,1
9,1
9,1
9,1
9,1
9,1
10,1
10,1
10,1
10,1
10,1
11,1
11,1
11,1
11,1
11,1
11,1
12,1
12,1
12,1
13,1
13,1
13,1
13,1
14,1
14,1
14,1
14,1
14,1
16,1
16,1
16,1
16,1
16,1
17,1
18,1
18,1
20,1
20,1
20,1
22,1
23,1
24,1
25,1
25,1
28,1
34,1
42,1
44,1
57,1
68,1
71,1
73,1
83,1
109,1
193,1
7,2
7,2
7,2
7,2
8,2
9,2
9,2
12,2
14,2
15,2
21,2
36,2
49,2
132,2
7,1
7,1
7,1
7,1
8,1
8,1
9,1
10,1
11,1
11,1
11,1
12,1
12,1
12,1
13,1
13,1
14,1
14,1
15,1
23,1
26,1
75,1
87,1
193,1
7,12
7,12
7,12
7,12
7,12
7,12
7,12
7,12
7,12
7,12
7,12
7,12
7,12
7,12
7,12
7,12
7,12
7,12
7,12
7,12
7,12
7,12
7,12
7,12
7,12
7,12
7,12
7,12
7,12
7,12
7,12
7,12
7,12
7,12
7,12
7,12
7,12
7,12
8,12
8,12
8,12
8,12
8,12
8,12
8,12
8,12
8,12
8,12
8,12
8,12
8,12
8,12
8,12
8,12
8,12
8,12
8,12
8,12
8,12
8,12
8,12
8,12
8,12
8,12
8,12
8,12
8,12
8,12
8,12
9,12
9,12
9,12
9,12
9,12
9,12
9,12
9,12
9,12
9,12
9,12
9,12
9,12
9,12
9,12
9,12
9,12
9,12
9,12
9,12
9,12
9,12
9,12
9,12
9,12
10,12
10,12
10,12
10,12
10,12
10,12
10,12
10,12
10,12
10,12
10,12
10,12
10,12
10,12
10,12
10,12
10,12
10,12
10,12
10,12
10,12
10,12
10,12
11,12
11,12
11,12
11,12
11,12
11,12
11,12
11,12
11,12
11,12
11,12
11,12
11,12
11,12
11,12
11,12
11,12
11,12
11,12
11,12
12,12
12,12
12,12
12,12
12,12
12,12
12,12
12,12
12,12
12,12
12,12
12,12
12,12
12,12
12,12
12,12
12,12
13,12
13,12
13,12
13,12
13,12
13,12
13,12
13,12
13,12
13,12
13,12
13,12
14,12
14,12
14,12
14,12
14,12
14,12
14,12
14,12
14,12
15,12
15,12
15,12
15,12
15,12
15,12
16,12
16,12
16,12
16,12
16,12
16,12
16,12
16,12
17,12
17,12
17,12
17,12
17,12
17,12
17,12
18,12
18,12
18,12
18,12
18,12
18,12
18,12
18,12
18,12
19,12
19,12
19,12
19,12
19,12
20,12
20,12
20,12
20,12
20,12
21,12
21,12
21,12
21,12
21,12
21,12
21,12
21,12
21,12
22,12
22,12
22,12
22,12
22,12
22,12
22,12
23,12
23,12
23,12
23,12
23,12
24,12
24,12
24,12
24,12
24,12
26,12
26,12
26,12
26,12
26,12
27,12
27,12
27,12
28,12
28,12
28,12
29,12
29,12
29,12
29,12
30,12
30,12
31,12
32,12
32,12
33,12
33,12
35,12
35,12
36,12
36,12
40,12
40,12
41,12
43,12
44,12
45,12
46,12
49,12
50,12
52,12
54,12
75,12
94,12
216,12
7,11
7,11
7,11
7,11
7,11
7,11
7,11
7,11
7,11
7,11
7,11
7,11
7,11
7,11
7,11
7,11
7,11
7,11
7,11
7,11
7,11
7,11
7,11
7,11
7,11
7,11
7,11
7,11
8,11
8,11
8,11
8,11
8,11
8,11
8,11
8,11
8,11
8,11
8,11
8,11
8,11
8,11
8,11
8,11
8,11
8,11
8,11
8,11
8,11
8,11
8,11
9,11
9,11
9,11
9,11
9,11
9,11
9,11
9,11
9,11
9,11
9,11
9,11
9,11
9,11
9,11
9,11
10,11
10,11
10,11
10,11
10,11
10,11
10,11
10,11
10,11
10,11
10,11
11,11
11,11
11,11
11,11
11,11
11,11
11,11
12,11
12,11
12,11
12,11
12,11
12,11
12,11
12,11
13,11
13,11
13,11
13,11
13,11
14,11
14,11
14,11
14,11
14,11
15,11
16,11
16,11
16,11
17,11
17,11
17,11
17,11
18,11
18,11
18,11
18,11
18,11
19,11
19,11
20,11
20,11
23,11
24,11
29,11
42,11
46,11
52,11
7,10
7,10
7,10
7,10
7,10
7,10
7,10
7,10
7,10
7,10
7,10
7,10
7,10
7,10
7,10
7,10
7,10
7,10
7,10
7,10
7,10
7,10
7,10
7,10
7,10
7,10
7,10
7,10
7,10
7,10
7,10
7,10
8,10
8,10
8,10
8,10
8,10
8,10
8,10
8,10
8,10
8,10
8,10
8,10
8,10
8,10
8,10
8,10
8,10
8,10
8,10
8,10
8,10
8,10
8,10
8,10
8,10
8,10
8,10
8,10
8,10
8,10
8,10
8,10
9,10
9,10
9,10
9,10
9,10
9,10
9,10
9,10
9,10
9,10
9,10
9,10
9,10
9,10
9,10
9,10
9,10
9,10
10,10
10,10
10,10
10,10
10,10
10,10
10,10
10,10
10,10
10,10
10,10
10,10
10,10
10,10
10,10
10,10
10,10
10,10
10,10
10,10
10,10
10,10
10,10
10,10
11,10
11,10
11,10
11,10
11,10
11,10
11,10
11,10
11,10
11,10
11,10
11,10
11,10
11,10
12,10
12,10
12,10
12,10
12,10
12,10
12,10
12,10
12,10
12,10
12,10
12,10
12,10
12,10
12,10
12,10
12,10
12,10
13,10
13,10
13,10
13,10
13,10
13,10
13,10
13,10
13,10
13,10
13,10
13,10
13,10
14,10
14,10
14,10
14,10
14,10
14,10
14,10
14,10
15,10
15,10
15,10
15,10
15,10
15,10
15,10
15,10
15,10
16,10
16,10
16,10
16,10
16,10
16,10
16,10
16,10
17,10
17,10
17,10
17,10
17,10
17,10
17,10
17,10
17,10
18,10
18,10
18,10
18,10
19,10
19,10
19,10
19,10
19,10
19,10
19,10
19,10
19,10
19,10
20,10
20,10
20,10
20,10
20,10
21,10
21,10
21,10
22,10
22,10
22,10
22,10
23,10
24,10
25,10
26,10
26,10
26,10
28,10
28,10
29,10
30,10
30,10
30,10
31,10
33,10
34,10
35,10
35,10
39,10
45,10
47,10
49,10
58,10
61,10
71,10
152,10
7,9
7,9
7,9
7,9
7,9
7,9
7,9
7,9
7,9
7,9
7,9
7,9
7,9
7,9
7,9
7,9
7,9
7,9
7,9
7,9
7,9
7,9
7,9
7,9
7,9
7,9
7,9
7,9
7,9
7,9
7,9
7,9
7,9
7,9
7,9
7,9
7,9
7,9
8,9
8,9
8,9
8,9
8,9
8,9
8,9
8,9
8,9
8,9
8,9
8,9
8,9
8,9
8,9
8,9
8,9
8,9
8,9
8,9
8,9
8,9
8,9
9,9
9,9
9,9
9,9
9,9
9,9
9,9
9,9
9,9
9,9
9,9
9,9
9,9
9,9
9,9
9,9
9,9
9,9
9,9
9,9
9,9
9,9
10,9
10,9
10,9
10,9
10,9
10,9
10,9
10,9
10,9
10,9
10,9
10,9
10,9
10,9
10,9
10,9
10,9
11,9
11,9
11,9
11,9
11,9
11,9
11,9
11,9
11,9
11,9
11,9
11,9
11,9
12,9
12,9
12,9
12,9
12,9
12,9
12,9
12,9
13,9
13,9
13,9
13,9
13,9
13,9
13,9
13,9
13,9
13,9
13,9
13,9
13,9
14,9
14,9
14,9
15,9
15,9
15,9
15,9
16,9
16,9
16,9
16,9
16,9
16,9
16,9
16,9
16,9
17,9
17,9
17,9
17,9
17,9
17,9
18,9
18,9
18,9
18,9
18,9
19,9
19,9
19,9
20,9
20,9
20,9
20,9
20,9
20,9
20,9
20,9
21,9
22,9
22,9
23,9
23,9
25,9
25,9
26,9
26,9
26,9
27,9
28,9
29,9
30,9
31,9
32,9
36,9
40,9
41,9
44,9
46,9
57,9
117,9
7,8
7,8
7,8
7,8
7,8
7,8
7,8
7,8
7,8
7,8
7,8
7,8
7,8
7,8
7,8
7,8
7,8
7,8
7,8
7,8
7,8
7,8
7,8
7,8
7,8
7,8
7,8
8,8
8,8
8,8
8,8
8,8
8,8
8,8
8,8
8,8
8,8
8,8
8,8
8,8
8,8
9,8
9,8
9,8
9,8
9,8
9,8
9,8
9,8
9,8
9,8
9,8
9,8
9,8
9,8
10,8
10,8
10,8
10,8
10,8
10,8
10,8
10,8
10,8
10,8
10,8
11,8
11,8
11,8
11,8
11,8
11,8
12,8
12,8
12,8
12,8
12,8
12,8
12,8
12,8
12,8
12,8
13,8
13,8
13,8
13,8
13,8
13,8
13,8
13,8
13,8
13,8
14,8
14,8
14,8
14,8
14,8
15,8
15,8
15,8
15,8
15,8
15,8
15,8
15,8
16,8
16,8
18,8
19,8
19,8
24,8
29,8
42,8
55,8
58,8
7,12
7,12
7,12
7,12
7,12
7,12
7,12
7,12
7,12
7,12
7,12
7,12
7,12
7,12
7,12
7,12
7,12
7,12
7,12
7,12
7,12
7,12
7,12
7,12
7,12
7,12
8,12
8,12
8,12
8,12
8,12
8,12
8,12
8,12
8,12
8,12
8,12
8,12
8,12
8,12
8,12
8,12
8,12
8,12
9,12
9,12
9,12
9,12
9,12
9,12
9,12
9,12
9,12
9,12
9,12
9,12
9,12
10,12
10,12
10,12
10,12
10,12
10,12
10,12
10,12
10,12
10,12
10,12
10,12
10,12
10,12
10,12
10,12
11,12
11,12
11,12
11,12
11,12
11,12
11,12
11,12
12,12
12,12
12,12
12,12
12,12
12,12
12,12
13,12
13,12
13,12
13,12
13,12
13,12
13,12
13,12
13,12
13,12
14,12
14,12
14,12
14,12
14,12
14,12
14,12
14,12
14,12
15,12
15,12
15,12
15,12
15,12
16,12
16,12
16,12
17,12
17,12
18,12
18,12
18,12
18,12
18,12
18,12
18,12
19,12
19,12
19,12
19,12
20,12
20,12
21,12
21,12
21,12
22,12
22,12
22,12
22,12
22,12
23,12
26,12
26,12
26,12
26,12
26,12
27,12
27,12
29,12
29,12
30,12
31,12
31,12
31,12
32,12
32,12
32,12
33,12
33,12
33,12
33,12
33,12
35,12
37,12
37,12
37,12
38,12
38,12
40,12
51,12
52,12
52,12
52,12
54,12
54,12
55,12
60,12
62,12
62,12
64,12
67,12
71,12
77,12
97,12
206,12
7,11
7,11
7,11
7,11
7,11
7,11
7,11
7,11
7,11
7,11
7,11
7,11
7,11
7,11
7,11
7,11
7,11
7,11
7,11
7,11
7,11
7,11
8,11
8,11
8,11
8,11
8,11
8,11
8,11
8,11
8,11
8,11
8,11
8,11
8,11
8,11
8,11
8,11
8,11
8,11
8,11
9,11
9,11
9,11
9,11
9,11
9,11
9,11
9,11
9,11
9,11
9,11
9,11
9,11
9,11
9,11
9,11
10,11
10,11
10,11
10,11
10,11
10,11
10,11
10,11
10,11
10,11
10,11
10,11
10,11
10,11
10,11
10,11
10,11
11,11
11,11
11,11
11,11
11,11
11,11
11,11
11,11
11,11
11,11
12,11
12,11
12,11
12,11
12,11
12,11
13,11
13,11
13,11
13,11
13,11
13,11
13,11
14,11
14,11
14,11
14,11
14,11
14,11
15,11
15,11
15,11
15,11
15,11
15,11
15,11
15,11
15,11
15,11
15,11
15,11
15,11
16,11
16,11
16,11
16,11
17,11
17,11
17,11
18,11
18,11
18,11
18,11
18,11
19,11
19,11
19,11
20,11
21,11
21,11
22,11
22,11
22,11
23,11
23,11
24,11
24,11
24,11
24,11
26,11
27,11
27,11
27,11
27,11
27,11
28,11
29,11
31,11
31,11
36,11
38,11
38,11
43,11
49,11
54,11
56,11
67,11
199,11
7,10
7,10
7,10
7,10
7,10
7,10
7,10
7,10
7,10
7,10
7,10
7,10
7,10
7,10
7,10
7,10
7,10
7,10
7,10
7,10
7,10
7,10
7,10
7,10
7,10
7,10
7,10
8,10
8,10
8,10
8,10
8,10
8,10
8,10
8,10
8,10
8,10
8,10
8,10
8,10
8,10
8,10
8,10
8,10
8,10
8,10
9,10
9,10
9,10
9,10
9,10
9,10
9,10
9,10
9,10
9,10
9,10
9,10
9,10
9,10
9,10
9,10
10,10
10,10
10,10
10,10
10,10
10,10
10,10
10,10
10,10
10,10
10,10
10,10
10,10
10,10
10,10
10,10
11,10
11,10
11,10
11,10
11,10
11,10
11,10
11,10
11,10
11,10
11,10
11,10
11,10
11,10
11,10
12,10
12,10
12,10
12,10
12,10
12,10
12,10
12,10
12,10
13,10
13,10
13,10
13,10
13,10
13,10
14,10
14,10
14,10
15,10
15,10
15,10
15,10
15,10
16,10
16,10
17,10
17,10
17,10
18,10
19,10
19,10
19,10
19,10
19,10
20,10
20,10
20,10
21,10
21,10
21,10
22,10
22,10
22,10
23,10
23,10
23,10
23,10
23,10
25,10
26,10
26,10
26,10
27,10
30,10
30,10
32,10
37,10
38,10
39,10
44,10
48,10
60,10
172,10
7,9
7,9
7,9
7,9
7,9
7,9
7,9
7,9
7,9
7,9
7,9
7,9
7,9
7,9
7,9
7,9
7,9
7,9
7,9
7,9
7,9
7,9
7,9
7,9
7,9
8,9
8,9
8,9
8,9
8,9
8,9
8,9
8,9
8,9
8,9
8,9
8,9
8,9
8,9
8,9
8,9
8,9
8,9
8,9
8,9
8,9
8,9
8,9
8,9
8,9
8,9
9,9
9,9
9,9
9,9
9,9
9,9
9,9
9,9
9,9
9,9
10,9
10,9
10,9
10,9
10,9
10,9
10,9
10,9
10,9
10,9
10,9
10,9
10,9
10,9
10,9
10,9
10,9
10,9
10,9
11,9
11,9
11,9
11,9
11,9
11,9
11,9
11,9
11,9
11,9
12,9
12,9
12,9
12,9
12,9
12,9
12,9
12,9
12,9
12,9
13,9
13,9
13,9
13,9
13,9
13,9
14,9
14,9
14,9
14,9
14,9
14,9
14,9
14,9
14,9
14,9
14,9
14,9
15,9
15,9
15,9
15,9
15,9
16,9
16,9
16,9
16,9
16,9
17,9
17,9
17,9
17,9
17,9
17,9
17,9
18,9
18,9
18,9
18,9
19,9
19,9
19,9
20,9
20,9
20,9
20,9
21,9
21,9
22,9
22,9
22,9
22,9
24,9
24,9
24,9
25,9
25,9
25,9
25,9
27,9
27,9
28,9
28,9
30,9
30,9
30,9
33,9
34,9
35,9
36,9
37,9
45,9
45,9
49,9
49,9
65,9
66,9
161,9
7,8
7,8
7,8
7,8
7,8
7,8
7,8
7,8
7,8
7,8
7,8
7,8
7,8
7,8
7,8
7,8
7,8
7,8
7,8
7,8
7,8
7,8
7,8
7,8
7,8
7,8
8,8
8,8
8,8
8,8
8,8
8,8
8,8
8,8
8,8
8,8
8,8
8,8
8,8
8,8
8,8
8,8
8,8
8,8
8,8
8,8
8,8
8,8
9,8
9,8
9,8
9,8
9,8
9,8
9,8
9,8
9,8
9,8
9,8
9,8
9,8
10,8
10,8
10,8
10,8
10,8
10,8
10,8
10,8
10,8
10,8
10,8
10,8
10,8
10,8
11,8
11,8
11,8
11,8
11,8
11,8
11,8
11,8
11,8
11,8
11,8
11,8
11,8
11,8
11,8
11,8
11,8
11,8
11,8
12,8
12,8
12,8
12,8
12,8
12,8
12,8
12,8
13,8
13,8
13,8
13,8
13,8
13,8
13,8
14,8
14,8
14,8
14,8
14,8
14,8
14,8
14,8
14,8
15,8
15,8
15,8
15,8
16,8
16,8
17,8
17,8
17,8
17,8
18,8
18,8
18,8
19,8
19,8
19,8
20,8
20,8
20,8
21,8
21,8
21,8
21,8
22,8
22,8
22,8
22,8
23,8
23,8
23,8
24,8
28,8
28,8
30,8
32,8
33,8
35,8
38,8
48,8
54,8
140,8
7,7
7,7
7,7
7,7
7,7
7,7
7,7
7,7
7,7
7,7
7,7
7,7
7,7
7,7
7,7
7,7
7,7
7,7
7,7
7,7
7,7
7,7
7,7
7,7
7,7
7,7
7,7
7,7
7,7
7,7
7,7
7,7
7,7
7,7
7,7
7,7
7,7
7,7
7,7
7,7
8,7
8,7
8,7
8,7
8,7
8,7
8,7
8,7
8,7
8,7
8,7
8,7
8,7
8,7
8,7
8,7
8,7
8,7
8,7
8,7
8,7
8,7
8,7
8,7
8,7
8,7
8,7
8,7
8,7
8,7
9,7
9,7
9,7
9,7
9,7
9,7
9,7
9,7
9,7
9,7
9,7
9,7
9,7
9,7
9,7
9,7
9,7
9,7
9,7
9,7
9,7
9,7
9,7
10,7
10,7
10,7
10,7
10,7
10,7
10,7
10,7
10,7
10,7
10,7
10,7
10,7
10,7
10,7
10,7
10,7
10,7
11,7
11,7
11,7
11,7
11,7
11,7
11,7
11,7
11,7
11,7
11,7
11,7
11,7
11,7
11,7
11,7
12,7
12,7
12,7
12,7
12,7
12,7
12,7
12,7
12,7
12,7
12,7
12,7
13,7
13,7
13,7
13,7
13,7
13,7
13,7
13,7
13,7
13,7
13,7
14,7
14,7
14,7
14,7
14,7
14,7
14,7
14,7
14,7
14,7
14,7
14,7
14,7
14,7
14,7
14,7
14,7
15,7
15,7
15,7
15,7
15,7
15,7
15,7
15,7
15,7
15,7
16,7
16,7
16,7
16,7
16,7
16,7
16,7
17,7
17,7
17,7
17,7
17,7
18,7
18,7
18,7
18,7
19,7
19,7
19,7
19,7
19,7
19,7
20,7
20,7
20,7
20,7
21,7
21,7
21,7
22,7
22,7
22,7
22,7
22,7
22,7
22,7
22,7
23,7
23,7
23,7
23,7
24,7
24,7
24,7
25,7
25,7
25,7
25,7
25,7
25,7
26,7
26,7
26,7
27,7
27,7
27,7
28,7
29,7
29,7
30,7
30,7
31,7
31,7
32,7
34,7
34,7
35,7
36,7
37,7
41,7
54,7
60,7
64,7
68,7
194,7
7,6
7,6
7,6
7,6
7,6
7,6
7,6
7,6
7,6
7,6
7,6
7,6
7,6
7,6
7,6
7,6
7,6
7,6
7,6
7,6
7,6
7,6
7,6
7,6
7,6
7,6
7,6
7,6
7,6
7,6
7,6
7,6
7,6
8,6
8,6
8,6
8,6
8,6
8,6
8,6
8,6
8,6
8,6
8,6
8,6
8,6
8,6
8,6
8,6
8,6
8,6
8,6
8,6
8,6
8,6
8,6
8,6
8,6
8,6
8,6
9,6
9,6
9,6
9,6
9,6
9,6
9,6
9,6
9,6
9,6
9,6
9,6
9,6
9,6
9,6
9,6
9,6
9,6
9,6
9,6
10,6
10,6
10,6
10,6
10,6
10,6
11,6
11,6
11,6
11,6
11,6
11,6
11,6
11,6
11,6
11,6
11,6
11,6
11,6
11,6
11,6
11,6
12,6
12,6
12,6
12,6
12,6
12,6
12,6
12,6
12,6
12,6
12,6
12,6
12,6
12,6
12,6
12,6
13,6
13,6
13,6
13,6
13,6
13,6
14,6
14,6
14,6
14,6
14,6
15,6
15,6
15,6
15,6
15,6
15,6
15,6
15,6
16,6
16,6
16,6
16,6
16,6
16,6
16,6
16,6
16,6
16,6
16,6
17,6
17,6
17,6
17,6
17,6
17,6
17,6
17,6
18,6
18,6
19,6
19,6
19,6
19,6
19,6
19,6
19,6
19,6
20,6
20,6
20,6
20,6
20,6
20,6
20,6
21,6
21,6
21,6
21,6
22,6
23,6
23,6
23,6
23,6
24,6
24,6
24,6
24,6
24,6
24,6
24,6
25,6
25,6
25,6
26,6
26,6
26,6
27,6
27,6
28,6
28,6
29,6
29,6
29,6
31,6
31,6
34,6
34,6
39,6
39,6
39,6
40,6
41,6
42,6
43,6
43,6
44,6
46,6
53,6
55,6
71,6
111,6
431,6
7,5
7,5
7,5
7,5
7,5
7,5
7,5
7,5
7,5
7,5
7,5
7,5
7,5
7,5
7,5
7,5
7,5
7,5
7,5
7,5
7,5
7,5
7,5
7,5
7,5
7,5
8,5
8,5
8,5
8,5
8,5
8,5
8,5
8,5
8,5
8,5
8,5
8,5
8,5
8,5
8,5
8,5
8,5
8,5
9,5
9,5
9,5
9,5
9,5
9,5
9,5
9,5
9,5
9,5
9,5
9,5
9,5
9,5
9,5
9,5
9,5
9,5
10,5
10,5
10,5
10,5
10,5
10,5
10,5
10,5
10,5
10,5
11,5
11,5
11,5
11,5
11,5
11,5
11,5
11,5
11,5
11,5
11,5
12,5
12,5
12,5
12,5
12,5
12,5
12,5
12,5
12,5
12,5
13,5
13,5
13,5
13,5
13,5
13,5
13,5
13,5
14,5
14,5
14,5
14,5
14,5
14,5
14,5
15,5
15,5
15,5
15,5
15,5
16,5
16,5
16,5
16,5
16,5
16,5
17,5
17,5
17,5
17,5
18,5
18,5
18,5
18,5
18,5
18,5
18,5
19,5
19,5
20,5
20,5
20,5
20,5
20,5
21,5
21,5
23,5
23,5
24,5
24,5
25,5
25,5
27,5
28,5
28,5
29,5
29,5
31,5
39,5
40,5
45,5
47,5
88,5
164,5
7,4
7,4
7,4
7,4
7,4
7,4
7,4
7,4
7,4
7,4
7,4
7,4
7,4
7,4
7,4
7,4
7,4
7,4
7,4
7,4
7,4
7,4
7,4
7,4
7,4
7,4
7,4
7,4
7,4
7,4
7,4
7,4
7,4
7,4
7,4
7,4
7,4
7,4
7,4
8,4
8,4
8,4
8,4
8,4
8,4
8,4
8,4
8,4
8,4
8,4
8,4
8,4
8,4
8,4
8,4
8,4
8,4
8,4
8,4
8,4
8,4
8,4
8,4
9,4
9,4
9,4
9,4
9,4
9,4
9,4
9,4
9,4
9,4
9,4
9,4
9,4
9,4
9,4
10,4
10,4
10,4
10,4
10,4
10,4
10,4
10,4
10,4
10,4
10,4
10,4
10,4
11,4
11,4
11,4
11,4
11,4
11,4
11,4
11,4
11,4
11,4
11,4
11,4
11,4
11,4
11,4
11,4
12,4
12,4
12,4
12,4
12,4
12,4
12,4
12,4
12,4
12,4
12,4
13,4
13,4
13,4
13,4
13,4
13,4
13,4
13,4
13,4
13,4
13,4
14,4
14,4
14,4
14,4
14,4
14,4
14,4
14,4
14,4
14,4
14,4
14,4
14,4
14,4
14,4
14,4
14,4
15,4
15,4
15,4
15,4
15,4
15,4
15,4
16,4
16,4
16,4
16,4
16,4
16,4
16,4
16,4
16,4
16,4
16,4
17,4
17,4
17,4
17,4
17,4
18,4
18,4
18,4
19,4
19,4
20,4
21,4
21,4
21,4
21,4
22,4
22,4
23,4
23,4
24,4
24,4
24,4
25,4
25,4
25,4
26,4
26,4
26,4
27,4
29,4
29,4
31,4
31,4
31,4
32,4
34,4
36,4
40,4
41,4
42,4
44,4
141,4
7,3
7,3
7,3
7,3
7,3
7,3
7,3
7,3
7,3
7,3
7,3
7,3
7,3
7,3
7,3
7,3
7,3
7,3
7,3
7,3
7,3
7,3
7,3
7,3
7,3
7,3
7,3
7,3
7,3
7,3
7,3
7,3
7,3
7,3
7,3
7,3
8,3
8,3
8,3
8,3
8,3
8,3
8,3
8,3
8,3
8,3
8,3
8,3
8,3
8,3
8,3
8,3
8,3
8,3
8,3
8,3
8,3
8,3
8,3
8,3
8,3
8,3
8,3
9,3
9,3
9,3
9,3
9,3
9,3
9,3
9,3
9,3
9,3
9,3
9,3
10,3
10,3
10,3
10,3
10,3
10,3
10,3
10,3
10,3
10,3
10,3
10,3
10,3
10,3
10,3
10,3
10,3
10,3
11,3
11,3
11,3
11,3
11,3
11,3
11,3
11,3
11,3
11,3
11,3
11,3
11,3
11,3
11,3
11,3
11,3
11,3
11,3
11,3
11,3
11,3
12,3
12,3
12,3
12,3
12,3
12,3
12,3
12,3
12,3
12,3
12,3
12,3
12,3
12,3
12,3
12,3
12,3
13,3
13,3
13,3
13,3
13,3
13,3
13,3
13,3
13,3
14,3
14,3
14,3
14,3
14,3
14,3
14,3
15,3
15,3
15,3
15,3
15,3
15,3
15,3
15,3
15,3
15,3
15,3
15,3
15,3
15,3
15,3
15,3
16,3
16,3
16,3
16,3
17,3
17,3
17,3
17,3
17,3
17,3
17,3
18,3
18,3
18,3
18,3
18,3
18,3
18,3
18,3
18,3
18,3
19,3
19,3
19,3
19,3
19,3
19,3
19,3
19,3
19,3
20,3
20,3
20,3
20,3
20,3
20,3
20,3
21,3
22,3
22,3
22,3
22,3
22,3
22,3
22,3
22,3
22,3
22,3
23,3
23,3
23,3
24,3
24,3
24,3
24,3
24,3
24,3
24,3
25,3
25,3
26,3
26,3
27,3
27,3
28,3
28,3
30,3
30,3
30,3
31,3
31,3
31,3
33,3
35,3
40,3
40,3
41,3
41,3
44,3
45,3
46,3
47,3
51,3
54,3
55,3
73,3
88,3
276,3
7,2
7,2
7,2
7,2
7,2
7,2
7,2
7,2
7,2
7,2
7,2
7,2
7,2
7,2
7,2
7,2
7,2
7,2
7,2
7,2
7,2
7,2
7,2
7,2
7,2
7,2
7,2
7,2
8,2
8,2
8,2
8,2
8,2
8,2
8,2
8,2
8,2
8,2
8,2
8,2
8,2
8,2
8,2
8,2
8,2
8,2
8,2
9,2
9,2
9,2
9,2
9,2
9,2
9,2
9,2
9,2
9,2
9,2
9,2
9,2
10,2
10,2
10,2
10,2
10,2
10,2
10,2
10,2
10,2
10,2
10,2
10,2
10,2
10,2
10,2
10,2
11,2
11,2
11,2
11,2
11,2
11,2
11,2
11,2
11,2
11,2
11,2
11,2
11,2
12,2
12,2
12,2
12,2
12,2
12,2
12,2
12,2
12,2
12,2
13,2
13,2
13,2
13,2
13,2
13,2
13,2
13,2
13,2
13,2
13,2
13,2
13,2
13,2
14,2
14,2
14,2
14,2
15,2
15,2
15,2
15,2
16,2
16,2
16,2
17,2
17,2
17,2
18,2
18,2
18,2
18,2
18,2
20,2
20,2
20,2
21,2
21,2
23,2
23,2
23,2
24,2
26,2
26,2
27,2
27,2
28,2
29,2
31,2
32,2
34,2
34,2
37,2
39,2
42,2
43,2
69,2
105,2
7,1
7,1
7,1
7,1
7,1
7,1
7,1
7,1
7,1
7,1
7,1
7,1
7,1
7,1
7,1
7,1
7,1
7,1
7,1
7,1
7,1
7,1
7,1
7,1
7,1
7,1
7,1
8,1
8,1
8,1
8,1
8,1
8,1
8,1
8,1
8,1
8,1
8,1
8,1
8,1
8,1
8,1
8,1
8,1
8,1
8,1
8,1
8,1
8,1
8,1
8,1
8,1
8,1
8,1
9,1
9,1
9,1
9,1
9,1
9,1
9,1
9,1
9,1
9,1
9,1
9,1
9,1
9,1
9,1
9,1
9,1
9,1
9,1
9,1
9,1
9,1
9,1
9,1
9,1
9,1
10,1
10,1
10,1
10,1
10,1
10,1
10,1
10,1
10,1
10,1
10,1
10,1
10,1
10,1
10,1
10,1
10,1
10,1
10,1
10,1
10,1
10,1
10,1
10,1
10,1
10,1
10,1
11,1
11,1
11,1
11,1
11,1
11,1
11,1
11,1
11,1
11,1
11,1
11,1
12,1
12,1
12,1
12,1
12,1
12,1
12,1
12,1
12,1
13,1
13,1
13,1
13,1
13,1
13,1
13,1
13,1
13,1
13,1
13,1
13,1
14,1
14,1
14,1
14,1
14,1
14,1
14,1
14,1
14,1
15,1
15,1
15,1
15,1
15,1
15,1
16,1
16,1
16,1
16,1
16,1
16,1
16,1
16,1
17,1
17,1
18,1
18,1
18,1
19,1
19,1
19,1
19,1
19,1
19,1
19,1
19,1
20,1
20,1
20,1
20,1
20,1
21,1
21,1
21,1
21,1
21,1
21,1
22,1
22,1
22,1
23,1
23,1
23,1
23,1
23,1
24,1
24,1
24,1
25,1
25,1
26,1
26,1
26,1
26,1
26,1
26,1
27,1
28,1
28,1
28,1
29,1
30,1
30,1
33,1
33,1
34,1
36,1
39,1
39,1
39,1
44,1
134,1
7,12
7,12
7,12
7,12
7,12
7,12
7,12
7,12
7,12
7,12
7,12
7,12
7,12
7,12
7,12
7,12
7,12
7,12
7,12
7,12
7,12
7,12
7,12
8,12
8,12
8,12
8,12
8,12
8,12
8,12
8,12
8,12
8,12
8,12
8,12
8,12
8,12
8,12
8,12
8,12
8,12
8,12
8,12
9,12
9,12
9,12
9,12
9,12
9,12
9,12
9,12
9,12
9,12
9,12
9,12
9,12
9,12
9,12
10,12
10,12
10,12
10,12
10,12
10,12
10,12
10,12
10,12
10,12
10,12
10,12
10,12
10,12
11,12
11,12
11,12
11,12
11,12
11,12
11,12
11,12
12,12
12,12
12,12
12,12
12,12
12,12
12,12
12,12
13,12
13,12
13,12
13,12
13,12
13,12
13,12
13,12
13,12
13,12
13,12
13,12
14,12
14,12
14,12
14,12
14,12
14,12
14,12
14,12
15,12
15,12
15,12
15,12
15,12
15,12
16,12
16,12
16,12
16,12
16,12
16,12
16,12
17,12
17,12
17,12
17,12
17,12
18,12
18,12
18,12
18,12
19,12
19,12
19,12
19,12
19,12
20,12
20,12
20,12
21,12
22,12
22,12
23,12
23,12
24,12
24,12
25,12
25,12
25,12
25,12
26,12
26,12
26,12
26,12
27,12
27,12
28,12
28,12
29,12
30,12
30,12
31,12
33,12
33,12
34,12
35,12
35,12
37,12
38,12
40,12
41,12
41,12
41,12
42,12
42,12
42,12
43,12
43,12
45,12
49,12
51,12
53,12
54,12
55,12
60,12
61,12
66,12
78,12
89,12
240,12
7,11
7,11
7,11
7,11
7,11
7,11
7,11
7,11
7,11
7,11
7,11
7,11
7,11
7,11
7,11
7,11
7,11
7,11
7,11
7,11
7,11
7,11
7,11
7,11
7,11
7,11
7,11
7,11
7,11
7,11
7,11
7,11
7,11
7,11
7,11
7,11
8,11
8,11
8,11
8,11
8,11
8,11
8,11
8,11
8,11
8,11
8,11
8,11
8,11
8,11
8,11
8,11
8,11
8,11
8,11
8,11
8,11
9,11
9,11
9,11
9,11
9,11
9,11
9,11
9,11
9,11
9,11
9,11
9,11
9,11
9,11
10,11
10,11
10,11
10,11
10,11
10,11
10,11
10,11
10,11
10,11
10,11
10,11
10,11
10,11
11,11
11,11
11,11
11,11
11,11
11,11
11,11
11,11
11,11
11,11
11,11
12,11
12,11
12,11
12,11
12,11
12,11
12,11
12,11
12,11
12,11
12,11
13,11
13,11
13,11
13,11
13,11
13,11
13,11
13,11
13,11
13,11
13,11
14,11
14,11
14,11
14,11
15,11
15,11
15,11
15,11
15,11
15,11
16,11
16,11
16,11
16,11
16,11
16,11
17,11
17,11
17,11
17,11
17,11
17,11
18,11
18,11
18,11
18,11
18,11
19,11
19,11
20,11
20,11
20,11
20,11
20,11
21,11
21,11
21,11
21,11
22,11
22,11
22,11
23,11
23,11
23,11
23,11
23,11
24,11
25,11
25,11
25,11
25,11
26,11
26,11
26,11
26,11
26,11
26,11
27,11
27,11
29,11
29,11
29,11
29,11
29,11
30,11
31,11
33,11
34,11
35,11
35,11
36,11
36,11
36,11
37,11
37,11
37,11
38,11
38,11
40,11
40,11
44,11
44,11
47,11
51,11
52,11
53,11
53,11
56,11
56,11
57,11
57,11
60,11
63,11
65,11
66,11
66,11
94,11
108,11
275,11
7,10
7,10
7,10
7,10
7,10
7,10
7,10
7,10
7,10
7,10
7,10
7,10
7,10
7,10
7,10
7,10
7,10
7,10
7,10
7,10
7,10
8,10
8,10
8,10
8,10
8,10
8,10
8,10
8,10
8,10
8,10
8,10
8,10
8,10
8,10
8,10
9,10
9,10
9,10
9,10
9,10
9,10
9,10
9,10
9,10
9,10
9,10
9,10
9,10
10,10
10,10
10,10
10,10
10,10
10,10
10,10
10,10
10,10
10,10
11,10
11,10
11,10
11,10
11,10
11,10
11,10
11,10
11,10
12,10
12,10
12,10
12,10
13,10
13,10
13,10
13,10
13,10
13,10
13,10
13,10
13,10
14,10
14,10
14,10
14,10
14,10
14,10
14,10
15,10
15,10
15,10
15,10
15,10
15,10
15,10
16,10
16,10
16,10
16,10
17,10
17,10
17,10
17,10
18,10
18,10
18,10
18,10
19,10
19,10
19,10
20,10
20,10
21,10
21,10
21,10
21,10
22,10
22,10
23,10
24,10
24,10
24,10
24,10
25,10
25,10
25,10
26,10
27,10
27,10
27,10
27,10
27,10
28,10
29,10
29,10
31,10
31,10
33,10
33,10
34,10
35,10
35,10
36,10
36,10
37,10
40,10
40,10
43,10
44,10
46,10
46,10
47,10
48,10
51,10
52,10
64,10
67,10
102,10
199,10
7,9
7,9
7,9
7,9
7,9
7,9
7,9
7,9
7,9
7,9
7,9
7,9
7,9
7,9
7,9
7,9
7,9
7,9
7,9
7,9
8,9
8,9
8,9
8,9
8,9
8,9
8,9
8,9
8,9
8,9
8,9
8,9
8,9
8,9
8,9
8,9
9,9
9,9
9,9
9,9
9,9
9,9
9,9
9,9
9,9
9,9
9,9
9,9
9,9
9,9
9,9
10,9
10,9
10,9
10,9
10,9
10,9
10,9
10,9
10,9
10,9
11,9
11,9
11,9
11,9
11,9
11,9
11,9
12,9
12,9
12,9
12,9
12,9
13,9
13,9
13,9
14,9
14,9
15,9
15,9
15,9
15,9
16,9
16,9
16,9
16,9
17,9
17,9
17,9
17,9
18,9
18,9
18,9
19,9
19,9
19,9
20,9
20,9
20,9
20,9
20,9
20,9
21,9
21,9
21,9
21,9
21,9
21,9
21,9
21,9
22,9
22,9
22,9
23,9
23,9
24,9
25,9
25,9
25,9
25,9
27,9
27,9
27,9
27,9
27,9
28,9
28,9
29,9
29,9
29,9
30,9
33,9
33,9
34,9
35,9
35,9
36,9
37,9
37,9
38,9
39,9
39,9
39,9
40,9
41,9
43,9
43,9
44,9
45,9
52,9
54,9
54,9
55,9
58,9
67,9
68,9
70,9
70,9
80,9
187,9
7,8
7,8
7,8
7,8
7,8
7,8
7,8
7,8
7,8
7,8
7,8
7,8
7,8
7,8
7,8
7,8
7,8
7,8
7,8
7,8
7,8
7,8
7,8
7,8
7,8
7,8
7,8
7,8
7,8
7,8
7,8
7,8
7,8
7,8
7,8
8,8
8,8
8,8
8,8
8,8
8,8
8,8
8,8
8,8
8,8
8,8
8,8
8,8
8,8
8,8
8,8
8,8
8,8
8,8
8,8
8,8
8,8
8,8
9,8
9,8
9,8
9,8
9,8
9,8
9,8
9,8
9,8
10,8
10,8
10,8
10,8
10,8
10,8
10,8
10,8
10,8
11,8
11,8
11,8
11,8
11,8
11,8
11,8
11,8
12,8
12,8
12,8
12,8
12,8
12,8
12,8
12,8
13,8
13,8
13,8
13,8
13,8
13,8
13,8
13,8
14,8
14,8
14,8
14,8
14,8
14,8
14,8
14,8
14,8
14,8
15,8
15,8
15,8
15,8
16,8
16,8
16,8
17,8
17,8
17,8
17,8
18,8
18,8
18,8
18,8
19,8
19,8
19,8
19,8
19,8
19,8
20,8
20,8
20,8
20,8
20,8
20,8
21,8
21,8
21,8
21,8
21,8
22,8
22,8
23,8
24,8
24,8
24,8
24,8
24,8
25,8
25,8
25,8
26,8
26,8
27,8
28,8
28,8
28,8
29,8
30,8
31,8
31,8
32,8
32,8
32,8
33,8
33,8
33,8
34,8
34,8
35,8
35,8
37,8
37,8
38,8
40,8
41,8
41,8
41,8
42,8
43,8
44,8
45,8
46,8
46,8
47,8
47,8
48,8
48,8
49,8
53,8
55,8
58,8
59,8
62,8
64,8
64,8
75,8
76,8
80,8
94,8
374,8
7,7
7,7
7,7
7,7
7,7
7,7
7,7
7,7
7,7
7,7
7,7
7,7
7,7
7,7
7,7
7,7
7,7
7,7
7,7
7,7
7,7
7,7
7,7
7,7
7,7
7,7
7,7
7,7
7,7
7,7
7,7
7,7
7,7
7,7
7,7
7,7
8,7
8,7
8,7
8,7
8,7
8,7
8,7
8,7
8,7
8,7
8,7
8,7
8,7
8,7
9,7
9,7
9,7
9,7
9,7
9,7
9,7
9,7
9,7
9,7
9,7
9,7
9,7
9,7
9,7
9,7
10,7
10,7
10,7
10,7
10,7
10,7
10,7
10,7
10,7
10,7
10,7
10,7
10,7
10,7
10,7
10,7
11,7
11,7
11,7
11,7
11,7
11,7
11,7
11,7
11,7
11,7
11,7
12,7
12,7
12,7
12,7
12,7
13,7
13,7
13,7
13,7
13,7
13,7
13,7
13,7
13,7
13,7
14,7
14,7
14,7
15,7
15,7
15,7
15,7
15,7
15,7
15,7
16,7
16,7
17,7
17,7
17,7
17,7
17,7
17,7
17,7
17,7
18,7
18,7
18,7
18,7
18,7
18,7
18,7
18,7
19,7
19,7
19,7
19,7
19,7
19,7
20,7
20,7
20,7
20,7
20,7
20,7
21,7
21,7
22,7
22,7
22,7
22,7
23,7
23,7
23,7
24,7
24,7
24,7
25,7
25,7
26,7
26,7
26,7
26,7
27,7
27,7
27,7
28,7
28,7
28,7
29,7
29,7
30,7
31,7
34,7
35,7
36,7
36,7
37,7
38,7
38,7
39,7
40,7
41,7
42,7
46,7
46,7
47,7
49,7
54,7
59,7
60,7
212,7
7,6
7,6
7,6
7,6
7,6
7,6
7,6
7,6
7,6
7,6
7,6
7,6
7,6
7,6
7,6
7,6
7,6
7,6
7,6
7,6
7,6
7,6
7,6
7,6
7,6
8,6
8,6
8,6
8,6
8,6
8,6
8,6
8,6
8,6
8,6
8,6
8,6
8,6
8,6
8,6
8,6
8,6
9,6
9,6
9,6
9,6
9,6
9,6
9,6
9,6
9,6
9,6
9,6
9,6
9,6
10,6
10,6
10,6
10,6
10,6
10,6
10,6
10,6
10,6
10,6
10,6
10,6
10,6
11,6
11,6
11,6
11,6
11,6
11,6
11,6
11,6
11,6
11,6
11,6
11,6
11,6
11,6
11,6
12,6
12,6
12,6
12,6
12,6
13,6
13,6
13,6
13,6
13,6
13,6
13,6
14,6
14,6
14,6
14,6
15,6
15,6
15,6
15,6
15,6
16,6
16,6
16,6
16,6
16,6
16,6
16,6
17,6
17,6
17,6
17,6
17,6
17,6
17,6
18,6
18,6
18,6
18,6
19,6
19,6
19,6
20,6
20,6
20,6
21,6
21,6
21,6
21,6
21,6
21,6
21,6
22,6
22,6
22,6
23,6
23,6
23,6
24,6
24,6
24,6
25,6
26,6
26,6
26,6
26,6
27,6
28,6
28,6
28,6
28,6
29,6
29,6
30,6
30,6
30,6
31,6
32,6
33,6
33,6
34,6
34,6
35,6
36,6
36,6
38,6
38,6
39,6
41,6
41,6
42,6
43,6
43,6
43,6
47,6
49,6
51,6
51,6
55,6
56,6
56,6
57,6
62,6
67,6
71,6
73,6
77,6
80,6
129,6
243,6
7,5
7,5
7,5
7,5
7,5
7,5
7,5
7,5
7,5
7,5
7,5
7,5
7,5
7,5
7,5
7,5
7,5
7,5
7,5
7,5
7,5
7,5
7,5
7,5
7,5
8,5
8,5
8,5
8,5
8,5
8,5
8,5
8,5
8,5
8,5
8,5
8,5
8,5
8,5
8,5
8,5
8,5
8,5
8,5
8,5
9,5
9,5
9,5
9,5
9,5
9,5
9,5
9,5
9,5
9,5
9,5
9,5
9,5
9,5
9,5
9,5
9,5
9,5
9,5
9,5
9,5
9,5
9,5
9,5
9,5
9,5
9,5
9,5
9,5
9,5
9,5
9,5
9,5
9,5
9,5
10,5
10,5
10,5
10,5
10,5
10,5
10,5
10,5
10,5
10,5
10,5
10,5
11,5
11,5
11,5
11,5
11,5
11,5
11,5
11,5
11,5
11,5
11,5
11,5
12,5
12,5
12,5
12,5
12,5
12,5
12,5
12,5
12,5
13,5
13,5
13,5
13,5
13,5
13,5
14,5
14,5
14,5
14,5
14,5
14,5
15,5
15,5
15,5
15,5
16,5
16,5
16,5
16,5
16,5
16,5
17,5
17,5
17,5
17,5
17,5
17,5
17,5
17,5
17,5
17,5
17,5
18,5
18,5
18,5
18,5
19,5
19,5
19,5
20,5
20,5
20,5
20,5
20,5
21,5
21,5
21,5
22,5
22,5
22,5
22,5
22,5
23,5
23,5
23,5
24,5
25,5
25,5
25,5
25,5
26,5
27,5
27,5
27,5
28,5
29,5
30,5
31,5
32,5
33,5
34,5
35,5
35,5
36,5
37,5
38,5
38,5
39,5
40,5
40,5
42,5
42,5
43,5
43,5
43,5
44,5
45,5
46,5
48,5
48,5
49,5
50,5
51,5
51,5
52,5
54,5
54,5
60,5
61,5
64,5
64,5
65,5
71,5
79,5
220,5
7,4
7,4
7,4
7,4
7,4
7,4
7,4
7,4
7,4
7,4
7,4
7,4
7,4
7,4
7,4
7,4
7,4
7,4
7,4
7,4
7,4
7,4
7,4
7,4
7,4
7,4
7,4
7,4
7,4
7,4
7,4
7,4
7,4
7,4
7,4
7,4
7,4
7,4
7,4
8,4
8,4
8,4
8,4
8,4
8,4
8,4
8,4
8,4
8,4
8,4
8,4
8,4
8,4
8,4
8,4
8,4
8,4
8,4
8,4
8,4
8,4
8,4
8,4
8,4
8,4
8,4
8,4
8,4
8,4
8,4
9,4
9,4
9,4
9,4
9,4
9,4
9,4
9,4
9,4
9,4
9,4
9,4
9,4
9,4
9,4
9,4
9,4
9,4
9,4
9,4
9,4
9,4
9,4
9,4
9,4
9,4
9,4
10,4
10,4
10,4
10,4
10,4
10,4
10,4
10,4
10,4
10,4
10,4
10,4
10,4
11,4
11,4
11,4
11,4
11,4
11,4
11,4
11,4
11,4
11,4
11,4
11,4
12,4
12,4
12,4
12,4
12,4
12,4
12,4
12,4
13,4
13,4
13,4
13,4
13,4
13,4
13,4
13,4
13,4
13,4
13,4
13,4
14,4
14,4
14,4
14,4
14,4
14,4
15,4
15,4
15,4
16,4
16,4
16,4
16,4
16,4
16,4
16,4
16,4
16,4
16,4
17,4
17,4
17,4
17,4
17,4
17,4
18,4
19,4
19,4
19,4
19,4
19,4
20,4
20,4
20,4
20,4
21,4
21,4
21,4
21,4
21,4
22,4
22,4
22,4
22,4
22,4
23,4
23,4
23,4
23,4
23,4
23,4
23,4
24,4
25,4
25,4
25,4
26,4
26,4
26,4
27,4
30,4
30,4
31,4
31,4
32,4
33,4
33,4
35,4
36,4
36,4
37,4
37,4
38,4
40,4
41,4
43,4
46,4
47,4
47,4
49,4
49,4
49,4
50,4
53,4
57,4
59,4
65,4
71,4
205,4
7,3
7,3
7,3
7,3
7,3
7,3
7,3
7,3
7,3
7,3
7,3
7,3
7,3
7,3
7,3
7,3
7,3
7,3
7,3
7,3
7,3
7,3
8,3
8,3
8,3
8,3
8,3
8,3
8,3
8,3
8,3
8,3
8,3
8,3
8,3
8,3
8,3
8,3
8,3
8,3
8,3
8,3
8,3
8,3
8,3
8,3
8,3
8,3
8,3
8,3
8,3
9,3
9,3
9,3
9,3
9,3
9,3
9,3
9,3
9,3
9,3
9,3
9,3
9,3
9,3
9,3
9,3
9,3
9,3
10,3
10,3
10,3
10,3
10,3
10,3
10,3
10,3
10,3
10,3
11,3
11,3
11,3
11,3
11,3
11,3
11,3
11,3
11,3
11,3
11,3
12,3
12,3
12,3
12,3
12,3
12,3
12,3
12,3
12,3
12,3
12,3
12,3
12,3
12,3
13,3
13,3
13,3
13,3
13,3
13,3
13,3
13,3
13,3
14,3
14,3
14,3
14,3
14,3
15,3
15,3
15,3
15,3
15,3
15,3
15,3
15,3
15,3
15,3
16,3
16,3
17,3
17,3
17,3
17,3
17,3
17,3
18,3
18,3
18,3
18,3
18,3
19,3
19,3
19,3
19,3
19,3
20,3
21,3
21,3
21,3
21,3
21,3
22,3
22,3
22,3
22,3
23,3
23,3
24,3
25,3
25,3
25,3
25,3
25,3
25,3
26,3
26,3
26,3
26,3
27,3
27,3
27,3
27,3
29,3
30,3
30,3
30,3
31,3
31,3
31,3
32,3
32,3
32,3
32,3
34,3
34,3
34,3
36,3
37,3
37,3
39,3
40,3
40,3
41,3
41,3
42,3
42,3
43,3
43,3
43,3
43,3
44,3
45,3
50,3
50,3
56,3
59,3
62,3
64,3
65,3
68,3
73,3
75,3
79,3
80,3
81,3
81,3
87,3
90,3
95,3
103,3
281,3
7,2
7,2
7,2
7,2
7,2
7,2
7,2
7,2
7,2
7,2
7,2
7,2
7,2
7,2
7,2
7,2
7,2
7,2
7,2
7,2
7,2
7,2
7,2
7,2
7,2
8,2
8,2
8,2
8,2
8,2
8,2
8,2
8,2
8,2
8,2
8,2
8,2
8,2
8,2
8,2
8,2
8,2
8,2
9,2
9,2
9,2
9,2
9,2
9,2
9,2
10,2
10,2
10,2
10,2
10,2
10,2
10,2
10,2
10,2
10,2
11,2
11,2
11,2
11,2
11,2
11,2
12,2
12,2
12,2
12,2
12,2
12,2
12,2
13,2
13,2
13,2
13,2
13,2
13,2
13,2
14,2
14,2
14,2
14,2
14,2
15,2
15,2
15,2
15,2
15,2
16,2
17,2
17,2
17,2
17,2
18,2
18,2
18,2
19,2
19,2
19,2
19,2
19,2
19,2
19,2
20,2
21,2
21,2
23,2
23,2
23,2
23,2
23,2
24,2
24,2
25,2
26,2
27,2
28,2
29,2
30,2
31,2
31,2
31,2
32,2
33,2
33,2
33,2
33,2
33,2
33,2
36,2
39,2
40,2
40,2
41,2
45,2
49,2
51,2
51,2
53,2
59,2
60,2
69,2
69,2
245,2
7,1
7,1
7,1
7,1
7,1
7,1
7,1
7,1
7,1
7,1
7,1
7,1
7,1
7,1
7,1
7,1
7,1
7,1
7,1
7,1
7,1
7,1
7,1
7,1
7,1
8,1
8,1
8,1
8,1
8,1
8,1
8,1
8,1
8,1
8,1
8,1
8,1
8,1
8,1
8,1
8,1
8,1
9,1
9,1
9,1
9,1
9,1
9,1
9,1
9,1
9,1
9,1
9,1
9,1
9,1
10,1
10,1
10,1
10,1
10,1
10,1
10,1
10,1
10,1
10,1
10,1
10,1
10,1
10,1
10,1
11,1
11,1
11,1
11,1
11,1
11,1
12,1
12,1
12,1
12,1
12,1
12,1
12,1
12,1
12,1
12,1
12,1
13,1
13,1
13,1
13,1
14,1
14,1
14,1
14,1
14,1
15,1
15,1
16,1
16,1
16,1
16,1
17,1
17,1
17,1
18,1
18,1
18,1
19,1
19,1
19,1
20,1
20,1
20,1
21,1
22,1
22,1
22,1
23,1
24,1
24,1
25,1
25,1
25,1
25,1
26,1
26,1
26,1
26,1
26,1
27,1
27,1
28,1
29,1
30,1
32,1
32,1
35,1
36,1
37,1
44,1
45,1
45,1
49,1
50,1
53,1
57,1
57,1
74,1
133,1
7,12
7,12
7,12
7,12
7,12
7,12
7,12
7,12
7,12
7,12
7,12
7,12
7,12
7,12
7,12
7,12
7,12
7,12
7,12
7,12
7,12
7,12
7,12
7,12
7,12
7,12
7,12
7,12
7,12
7,12
7,12
8,12
8,12
8,12
8,12
8,12
8,12
8,12
8,12
8,12
8,12
8,12
8,12
8,12
8,12
8,12
8,12
8,12
8,12
9,12
9,12
9,12
9,12
9,12
9,12
9,12
9,12
9,12
9,12
9,12
9,12
9,12
9,12
9,12
9,12
9,12
9,12
10,12
10,12
10,12
10,12
10,12
10,12
10,12
10,12
10,12
11,12
11,12
11,12
11,12
11,12
11,12
11,12
11,12
11,12
11,12
12,12
12,12
12,12
12,12
12,12
12,12
12,12
12,12
12,12
12,12
12,12
12,12
12,12
12,12
13,12
13,12
13,12
13,12
13,12
13,12
13,12
13,12
13,12
14,12
14,12
14,12
14,12
14,12
14,12
14,12
15,12
15,12
15,12
15,12
15,12
15,12
15,12
16,12
16,12
16,12
16,12
16,12
16,12
16,12
16,12
17,12
17,12
17,12
18,12
18,12
18,12
18,12
18,12
19,12
19,12
19,12
19,12
20,12
20,12
20,12
20,12
20,12
21,12
21,12
21,12
21,12
22,12
22,12
22,12
22,12
22,12
23,12
23,12
23,12
23,12
24,12
24,12
24,12
24,12
25,12
25,12
25,12
26,12
26,12
26,12
26,12
26,12
27,12
27,12
28,12
28,12
28,12
29,12
29,12
31,12
32,12
32,12
33,12
33,12
33,12
33,12
34,12
34,12
36,12
41,12
41,12
41,12
42,12
42,12
42,12
42,12
44,12
47,12
50,12
53,12
55,12
55,12
56,12
59,12
63,12
66,12
66,12
66,12
67,12
72,12
72,12
74,12
92,12
214,12
7,11
7,11
7,11
7,11
7,11
7,11
7,11
7,11
7,11
7,11
7,11
7,11
7,11
7,11
7,11
7,11
7,11
7,11
7,11
7,11
7,11
7,11
7,11
7,11
7,11
8,11
8,11
8,11
8,11
8,11
8,11
8,11
8,11
8,11
8,11
8,11
8,11
8,11
8,11
8,11
8,11
8,11
8,11
8,11
8,11
8,11
9,11
9,11
9,11
9,11
9,11
9,11
9,11
9,11
9,11
9,11
9,11
9,11
9,11
10,11
10,11
10,11
10,11
10,11
10,11
10,11
10,11
10,11
11,11
11,11
11,11
11,11
11,11
11,11
12,11
12,11
12,11
12,11
12,11
12,11
12,11
12,11
12,11
12,11
12,11
12,11
12,11
12,11
12,11
13,11
13,11
13,11
13,11
13,11
13,11
13,11
13,11
14,11
14,11
14,11
14,11
14,11
14,11
14,11
14,11
14,11
14,11
14,11
15,11
15,11
15,11
15,11
15,11
16,11
16,11
16,11
16,11
16,11
16,11
16,11
16,11
16,11
16,11
16,11
16,11
17,11
17,11
17,11
17,11
17,11
18,11
18,11
18,11
18,11
18,11
18,11
19,11
19,11
19,11
19,11
20,11
20,11
20,11
20,11
21,11
21,11
21,11
21,11
22,11
22,11
22,11
23,11
23,11
23,11
23,11
24,11
24,11
24,11
24,11
25,11
25,11
25,11
25,11
25,11
25,11
25,11
26,11
27,11
27,11
27,11
28,11
29,11
29,11
29,11
30,11
31,11
31,11
32,11
32,11
33,11
33,11
34,11
34,11
35,11
35,11
36,11
37,11
37,11
38,11
40,11
41,11
42,11
43,11
46,11
48,11
48,11
50,11
52,11
55,11
55,11
55,11
55,11
56,11
57,11
57,11
58,11
63,11
63,11
64,11
64,11
71,11
74,11
76,11
77,11
208,11
7,10
7,10
7,10
7,10
7,10
7,10
7,10
7,10
7,10
7,10
7,10
7,10
7,10
7,10
7,10
7,10
7,10
7,10
7,10
7,10
7,10
7,10
7,10
8,10
8,10
8,10
8,10
8,10
8,10
8,10
8,10
8,10
8,10
8,10
8,10
8,10
8,10
8,10
8,10
8,10
8,10
8,10
8,10
8,10
8,10
9,10
9,10
9,10
9,10
9,10
9,10
9,10
9,10
9,10
9,10
9,10
9,10
9,10
9,10
9,10
10,10
10,10
10,10
10,10
10,10
10,10
10,10
10,10
10,10
10,10
10,10
10,10
10,10
10,10
11,10
11,10
11,10
11,10
11,10
11,10
12,10
12,10
12,10
12,10
12,10
12,10
12,10
12,10
12,10
13,10
13,10
13,10
13,10
13,10
13,10
13,10
13,10
13,10
13,10
13,10
14,10
14,10
14,10
15,10
15,10
15,10
15,10
15,10
15,10
15,10
15,10
15,10
15,10
16,10
16,10
16,10
16,10
17,10
17,10
17,10
17,10
18,10
18,10
19,10
19,10
19,10
19,10
19,10
19,10
20,10
20,10
20,10
20,10
21,10
21,10
22,10
22,10
22,10
22,10
22,10
23,10
23,10
23,10
23,10
23,10
23,10
24,10
24,10
24,10
25,10
26,10
26,10
26,10
26,10
26,10
26,10
26,10
27,10
27,10
29,10
30,10
30,10
30,10
31,10
31,10
31,10
32,10
32,10
35,10
35,10
35,10
36,10
37,10
37,10
38,10
38,10
39,10
39,10
41,10
41,10
41,10
43,10
43,10
44,10
48,10
49,10
51,10
52,10
52,10
52,10
52,10
52,10
57,10
58,10
59,10
61,10
62,10
63,10
78,10
88,10
104,10
183,10
7,9
7,9
7,9
7,9
7,9
7,9
7,9
7,9
7,9
7,9
7,9
7,9
7,9
7,9
7,9
7,9
7,9
7,9
8,9
8,9
8,9
8,9
8,9
8,9
8,9
8,9
8,9
8,9
8,9
8,9
8,9
8,9
9,9
9,9
9,9
9,9
9,9
9,9
9,9
9,9
9,9
9,9
10,9
10,9
10,9
10,9
10,9
10,9
10,9
10,9
10,9
10,9
11,9
11,9
11,9
11,9
11,9
11,9
11,9
11,9
11,9
12,9
12,9
12,9
12,9
12,9
12,9
12,9
12,9
13,9
13,9
13,9
13,9
13,9
13,9
13,9
13,9
13,9
13,9
14,9
14,9
14,9
14,9
14,9
14,9
14,9
14,9
15,9
15,9
15,9
15,9
15,9
15,9
15,9
15,9
15,9
16,9
16,9
16,9
16,9
16,9
17,9
17,9
17,9
18,9
19,9
19,9
19,9
19,9
19,9
19,9
20,9
20,9
20,9
20,9
20,9
20,9
20,9
21,9
21,9
21,9
21,9
22,9
22,9
22,9
22,9
22,9
23,9
23,9
24,9
24,9
24,9
24,9
25,9
25,9
25,9
25,9
25,9
26,9
26,9
26,9
27,9
27,9
27,9
27,9
28,9
29,9
29,9
30,9
30,9
31,9
32,9
32,9
32,9
34,9
34,9
34,9
34,9
34,9
36,9
36,9
37,9
38,9
38,9
39,9
40,9
40,9
41,9
41,9
42,9
42,9
46,9
48,9
49,9
51,9
51,9
52,9
53,9
54,9
56,9
60,9
63,9
63,9
66,9
66,9
67,9
72,9
77,9
78,9
80,9
94,9
168,9
7,8
7,8
7,8
7,8
7,8
7,8
7,8
7,8
7,8
7,8
7,8
7,8
7,8
7,8
7,8
7,8
7,8
7,8
7,8
7,8
7,8
7,8
7,8
7,8
7,8
7,8
7,8
7,8
7,8
7,8
8,8
8,8
8,8
8,8
8,8
8,8
8,8
8,8
8,8
8,8
8,8
8,8
8,8
8,8
8,8
8,8
8,8
9,8
9,8
9,8
9,8
9,8
9,8
9,8
9,8
9,8
9,8
9,8
9,8
9,8
10,8
10,8
10,8
10,8
10,8
10,8
10,8
10,8
10,8
10,8
10,8
10,8
11,8
11,8
11,8
11,8
11,8
11,8
11,8
11,8
11,8
11,8
11,8
11,8
12,8
12,8
12,8
12,8
12,8
12,8
12,8
12,8
12,8
13,8
13,8
13,8
13,8
13,8
13,8
13,8
13,8
13,8
13,8
13,8
13,8
14,8
14,8
14,8
14,8
14,8
14,8
14,8
15,8
15,8
15,8
15,8
15,8
15,8
15,8
16,8
16,8
16,8
16,8
16,8
17,8
17,8
17,8
17,8
17,8
17,8
17,8
17,8
17,8
18,8
18,8
18,8
18,8
18,8
18,8
18,8
18,8
19,8
19,8
19,8
19,8
19,8
20,8
20,8
20,8
21,8
21,8
21,8
22,8
22,8
23,8
23,8
23,8
24,8
25,8
25,8
25,8
26,8
26,8
26,8
27,8
27,8
28,8
28,8
28,8
29,8
29,8
29,8
29,8
29,8
30,8
31,8
32,8
32,8
32,8
34,8
34,8
34,8
37,8
37,8
38,8
38,8
38,8
38,8
39,8
39,8
40,8
40,8
40,8
41,8
42,8
42,8
43,8
43,8
44,8
44,8
45,8
47,8
48,8
48,8
49,8
53,8
54,8
58,8
69,8
72,8
73,8
78,8
84,8
93,8
93,8
181,8
7,7
7,7
7,7
7,7
7,7
7,7
7,7
7,7
7,7
7,7
7,7
7,7
7,7
7,7
7,7
7,7
7,7
7,7
7,7
7,7
8,7
8,7
8,7
8,7
8,7
8,7
8,7
8,7
8,7
8,7
8,7
8,7
8,7
8,7
8,7
8,7
8,7
8,7
8,7
8,7
8,7
8,7
8,7
8,7
8,7
8,7
8,7
9,7
9,7
9,7
9,7
9,7
9,7
9,7
9,7
9,7
9,7
9,7
9,7
9,7
9,7
9,7
9,7
9,7
9,7
10,7
10,7
10,7
10,7
10,7
10,7
10,7
10,7
10,7
10,7
10,7
10,7
11,7
11,7
11,7
11,7
11,7
11,7
11,7
11,7
11,7
11,7
12,7
12,7
12,7
12,7
12,7
12,7
13,7
13,7
13,7
13,7
13,7
13,7
13,7
13,7
13,7
13,7
13,7
13,7
13,7
14,7
14,7
14,7
14,7
14,7
14,7
14,7
14,7
14,7
14,7
14,7
14,7
14,7
14,7
15,7
15,7
15,7
15,7
15,7
15,7
15,7
16,7
16,7
16,7
16,7
16,7
16,7
17,7
17,7
17,7
17,7
17,7
17,7
17,7
17,7
17,7
18,7
18,7
18,7
18,7
18,7
19,7
19,7
19,7
19,7
20,7
20,7
20,7
20,7
21,7
21,7
21,7
21,7
21,7
22,7
22,7
22,7
22,7
23,7
24,7
24,7
24,7
24,7
24,7
24,7
25,7
25,7
26,7
26,7
26,7
26,7
26,7
26,7
26,7
27,7
28,7
29,7
29,7
29,7
29,7
30,7
30,7
30,7
31,7
31,7
31,7
32,7
32,7
33,7
33,7
34,7
34,7
35,7
35,7
36,7
37,7
38,7
38,7
38,7
38,7
39,7
40,7
40,7
40,7
41,7
42,7
43,7
46,7
46,7
47,7
51,7
51,7
52,7
53,7
53,7
57,7
57,7
57,7
59,7
66,7
68,7
68,7
72,7
77,7
77,7
79,7
82,7
102,7
185,7
7,6
7,6
7,6
7,6
7,6
7,6
7,6
7,6
7,6
7,6
7,6
7,6
7,6
7,6
7,6
7,6
7,6
7,6
7,6
7,6
7,6
7,6
7,6
7,6
7,6
7,6
7,6
7,6
7,6
7,6
7,6
7,6
8,6
8,6
8,6
8,6
8,6
8,6
8,6
8,6
8,6
8,6
8,6
8,6
8,6
8,6
8,6
8,6
8,6
8,6
8,6
8,6
8,6
8,6
8,6
9,6
9,6
9,6
9,6
9,6
9,6
9,6
9,6
9,6
9,6
9,6
9,6
9,6
9,6
9,6
9,6
10,6
10,6
10,6
10,6
10,6
10,6
10,6
10,6
10,6
10,6
10,6
10,6
11,6
11,6
11,6
11,6
11,6
11,6
11,6
11,6
11,6
11,6
11,6
11,6
11,6
11,6
12,6
12,6
12,6
12,6
12,6
12,6
12,6
12,6
12,6
12,6
12,6
12,6
12,6
12,6
13,6
13,6
13,6
13,6
13,6
13,6
13,6
14,6
15,6
15,6
15,6
15,6
15,6
15,6
15,6
15,6
15,6
16,6
16,6
16,6
16,6
16,6
16,6
16,6
16,6
16,6
16,6
16,6
16,6
16,6
17,6
17,6
17,6
17,6
18,6
18,6
18,6
18,6
18,6
18,6
18,6
18,6
19,6
19,6
19,6
19,6
19,6
20,6
20,6
20,6
20,6
20,6
20,6
21,6
21,6
21,6
21,6
21,6
21,6
21,6
21,6
22,6
22,6
22,6
22,6
23,6
23,6
23,6
23,6
23,6
23,6
23,6
23,6
24,6
24,6
24,6
25,6
25,6
25,6
26,6
27,6
27,6
27,6
28,6
28,6
28,6
29,6
30,6
31,6
32,6
32,6
33,6
34,6
34,6
34,6
35,6
35,6
36,6
38,6
38,6
39,6
39,6
39,6
39,6
40,6
42,6
42,6
44,6
44,6
45,6
46,6
47,6
47,6
52,6
53,6
56,6
56,6
58,6
59,6
59,6
60,6
60,6
62,6
66,6
66,6
70,6
81,6
84,6
87,6
96,6
102,6
113,6
208,6
7,5
7,5
7,5
7,5
7,5
7,5
7,5
7,5
7,5
7,5
7,5
7,5
7,5
7,5
7,5
7,5
7,5
7,5
7,5
7,5
7,5
7,5
7,5
7,5
7,5
7,5
7,5
7,5
8,5
8,5
8,5
8,5
8,5
8,5
8,5
8,5
8,5
8,5
8,5
8,5
8,5
8,5
8,5
8,5
8,5
8,5
8,5
8,5
8,5
8,5
8,5
8,5
8,5
9,5
9,5
9,5
9,5
9,5
9,5
9,5
9,5
9,5
9,5
9,5
9,5
9,5
9,5
9,5
9,5
9,5
9,5
10,5
10,5
10,5
10,5
10,5
10,5
10,5
10,5
10,5
10,5
11,5
11,5
11,5
11,5
11,5
11,5
11,5
11,5
11,5
11,5
11,5
11,5
11,5
11,5
12,5
12,5
12,5
12,5
12,5
12,5
12,5
12,5
12,5
12,5
13,5
13,5
13,5
13,5
13,5
13,5
13,5
14,5
15,5
15,5
15,5
15,5
15,5
15,5
15,5
15,5
15,5
16,5
16,5
16,5
16,5
17,5
17,5
17,5
17,5
18,5
18,5
18,5
18,5
19,5
19,5
19,5
19,5
19,5
20,5
20,5
20,5
20,5
20,5
21,5
22,5
22,5
23,5
23,5
24,5
24,5
24,5
25,5
26,5
26,5
27,5
28,5
28,5
28,5
28,5
29,5
29,5
29,5
30,5
30,5
31,5
32,5
32,5
32,5
33,5
35,5
36,5
37,5
38,5
39,5
39,5
39,5
40,5
41,5
41,5
42,5
42,5
45,5
46,5
49,5
50,5
52,5
54,5
55,5
55,5
55,5
56,5
56,5
61,5
63,5
70,5
75,5
78,5
82,5
86,5
257,5
7,4
7,4
7,4
7,4
7,4
7,4
7,4
7,4
7,4
7,4
7,4
7,4
7,4
7,4
7,4
7,4
7,4
7,4
7,4
7,4
7,4
7,4
7,4
7,4
7,4
7,4
7,4
7,4
7,4
8,4
8,4
8,4
8,4
8,4
8,4
8,4
8,4
8,4
8,4
8,4
8,4
9,4
9,4
9,4
9,4
9,4
9,4
9,4
9,4
9,4
10,4
10,4
10,4
10,4
10,4
10,4
10,4
10,4
10,4
10,4
10,4
10,4
10,4
10,4
11,4
11,4
11,4
11,4
11,4
11,4
12,4
12,4
12,4
12,4
12,4
12,4
12,4
12,4
13,4
13,4
13,4
14,4
14,4
14,4
14,4
14,4
14,4
14,4
14,4
15,4
15,4
15,4
15,4
15,4
15,4
16,4
16,4
16,4
16,4
16,4
16,4
17,4
17,4
17,4
17,4
17,4
17,4
18,4
18,4
18,4
19,4
19,4
19,4
19,4
19,4
19,4
19,4
20,4
20,4
20,4
21,4
21,4
22,4
22,4
23,4
24,4
25,4
25,4
27,4
27,4
27,4
27,4
27,4
28,4
28,4
28,4
29,4
29,4
30,4
30,4
31,4
31,4
31,4
32,4
32,4
32,4
33,4
33,4
33,4
33,4
33,4
35,4
35,4
35,4
36,4
37,4
37,4
38,4
39,4
40,4
41,4
42,4
48,4
51,4
56,4
66,4
67,4
68,4
68,4
72,4
199,4
7,3
7,3
7,3
7,3
7,3
7,3
7,3
7,3
7,3
7,3
7,3
7,3
7,3
7,3
7,3
7,3
7,3
8,3
8,3
8,3
8,3
8,3
8,3
8,3
8,3
8,3
8,3
8,3
8,3
8,3
8,3
8,3
8,3
8,3
8,3
8,3
8,3
8,3
8,3
8,3
9,3
9,3
9,3
9,3
9,3
9,3
9,3
9,3
9,3
9,3
9,3
9,3
9,3
10,3
10,3
10,3
10,3
10,3
10,3
10,3
10,3
10,3
10,3
10,3
10,3
10,3
11,3
11,3
11,3
11,3
11,3
11,3
11,3
11,3
11,3
11,3
12,3
12,3
12,3
12,3
12,3
12,3
12,3
12,3
13,3
13,3
13,3
13,3
13,3
13,3
13,3
14,3
14,3
14,3
14,3
14,3
14,3
14,3
14,3
15,3
15,3
15,3
15,3
15,3
15,3
15,3
15,3
15,3
16,3
16,3
16,3
16,3
16,3
16,3
17,3
17,3
17,3
18,3
19,3
19,3
19,3
19,3
19,3
20,3
21,3
21,3
21,3
21,3
22,3
23,3
23,3
23,3
24,3
24,3
24,3
25,3
25,3
25,3
26,3
26,3
26,3
28,3
28,3
28,3
29,3
30,3
30,3
30,3
30,3
30,3
34,3
35,3
35,3
35,3
36,3
36,3
37,3
39,3
39,3
40,3
40,3
41,3
41,3
41,3
43,3
44,3
44,3
44,3
46,3
47,3
47,3
48,3
51,3
52,3
54,3
55,3
55,3
56,3
56,3
58,3
59,3
62,3
62,3
63,3
67,3
69,3
70,3
70,3
73,3
85,3
86,3
94,3
103,3
104,3
305,3
7,2
7,2
7,2
7,2
7,2
7,2
7,2
7,2
7,2
7,2
7,2
7,2
7,2
7,2
7,2
7,2
8,2
8,2
8,2
8,2
8,2
8,2
8,2
8,2
8,2
8,2
8,2
8,2
8,2
8,2
8,2
8,2
8,2
8,2
8,2
9,2
9,2
9,2
9,2
9,2
9,2
9,2
9,2
9,2
9,2
9,2
9,2
10,2
10,2
10,2
10,2
10,2
10,2
10,2
10,2
10,2
10,2
10,2
10,2
10,2
10,2
11,2
11,2
11,2
12,2
12,2
12,2
12,2
12,2
12,2
12,2
12,2
13,2
13,2
13,2
13,2
13,2
14,2
14,2
14,2
14,2
15,2
15,2
16,2
16,2
16,2
16,2
17,2
17,2
17,2
17,2
17,2
17,2
18,2
18,2
18,2
18,2
18,2
19,2
19,2
19,2
19,2
19,2
19,2
20,2
20,2
21,2
21,2
22,2
22,2
23,2
23,2
23,2
23,2
24,2
24,2
24,2
24,2
25,2
26,2
26,2
26,2
26,2
29,2
30,2
32,2
32,2
33,2
33,2
34,2
34,2
36,2
36,2
36,2
37,2
37,2
39,2
40,2
41,2
43,2
44,2
44,2
45,2
46,2
53,2
55,2
58,2
61,2
63,2
69,2
212,2
7,1
7,1
7,1
7,1
7,1
7,1
7,1
7,1
7,1
7,1
7,1
7,1
7,1
7,1
7,1
7,1
7,1
7,1
7,1
8,1
8,1
8,1
8,1
8,1
8,1
8,1
8,1
8,1
8,1
9,1
9,1
9,1
9,1
9,1
9,1
9,1
9,1
9,1
9,1
9,1
9,1
9,1
9,1
9,1
10,1
10,1
10,1
10,1
10,1
10,1
10,1
10,1
11,1
11,1
11,1
11,1
11,1
11,1
11,1
11,1
11,1
12,1
12,1
12,1
12,1
12,1
12,1
12,1
12,1
12,1
13,1
13,1
13,1
13,1
13,1
13,1
14,1
14,1
14,1
14,1
14,1
14,1
14,1
14,1
14,1
15,1
15,1
15,1
15,1
16,1
16,1
16,1
16,1
17,1
17,1
17,1
18,1
18,1
18,1
18,1
18,1
19,1
19,1
19,1
19,1
21,1
22,1
22,1
22,1
22,1
22,1
22,1
22,1
23,1
24,1
24,1
24,1
24,1
25,1
25,1
25,1
26,1
27,1
29,1
29,1
29,1
29,1
30,1
30,1
30,1
31,1
32,1
32,1
35,1
35,1
35,1
36,1
37,1
39,1
40,1
40,1
40,1
41,1
41,1
50,1
53,1
56,1
58,1
59,1
63,1
67,1
69,1
222,1
7,2
7,2
7,2
7,2
7,2
7,2
7,2
7,2
7,2
7,2
7,2
7,2
7,2
7,2
7,2
7,2
7,2
7,2
7,2
7,2
7,2
8,2
8,2
8,2
8,2
8,2
8,2
8,2
8,2
8,2
8,2
8,2
9,2
9,2
9,2
9,2
9,2
9,2
9,2
9,2
9,2
9,2
9,2
9,2
10,2
10,2
10,2
10,2
10,2
10,2
10,2
11,2
11,2
11,2
11,2
11,2
11,2
11,2
11,2
11,2
11,2
11,2
12,2
12,2
12,2
12,2
12,2
12,2
13,2
13,2
13,2
13,2
13,2
13,2
13,2
13,2
13,2
13,2
14,2
14,2
14,2
14,2
15,2
15,2
15,2
15,2
16,2
16,2
16,2
16,2
16,2
16,2
17,2
17,2
17,2
17,2
17,2
17,2
18,2
18,2
19,2
19,2
19,2
19,2
19,2
20,2
20,2
21,2
21,2
21,2
21,2
22,2
22,2
22,2
22,2
23,2
24,2
24,2
24,2
24,2
25,2
26,2
28,2
28,2
28,2
28,2
28,2
29,2
29,2
32,2
33,2
35,2
35,2
35,2
36,2
37,2
38,2
39,2
39,2
40,2
42,2
42,2
43,2
44,2
44,2
49,2
50,2
61,2
65,2
74,2
81,2
222,2
7,1
7,1
7,1
7,1
7,1
7,1
7,1
7,1
7,1
7,1
7,1
7,1
7,1
7,1
7,1
7,1
7,1
7,1
7,1
7,1
8,1
8,1
8,1
8,1
8,1
8,1
8,1
8,1
8,1
8,1
8,1
8,1
8,1
8,1
8,1
8,1
8,1
8,1
8,1
8,1
8,1
8,1
8,1
8,1
9,1
9,1
9,1
9,1
9,1
9,1
9,1
9,1
9,1
9,1
9,1
9,1
9,1
9,1
9,1
10,1
10,1
10,1
10,1
10,1
10,1
10,1
10,1
10,1
10,1
10,1
10,1
11,1
11,1
11,1
11,1
11,1
11,1
11,1
11,1
11,1
11,1
11,1
11,1
12,1
12,1
12,1
12,1
12,1
12,1
12,1
13,1
13,1
13,1
13,1
13,1
13,1
13,1
13,1
13,1
13,1
13,1
14,1
14,1
14,1
14,1
14,1
15,1
15,1
15,1
15,1
15,1
15,1
15,1
16,1
16,1
16,1
16,1
16,1
16,1
16,1
16,1
17,1
17,1
17,1
17,1
18,1
18,1
18,1
18,1
19,1
19,1
19,1
19,1
19,1
20,1
20,1
20,1
20,1
21,1
21,1
21,1
21,1
22,1
23,1
23,1
24,1
24,1
24,1
24,1
26,1
26,1
26,1
26,1
26,1
27,1
27,1
27,1
28,1
28,1
28,1
28,1
29,1
30,1
30,1
30,1
30,1
31,1
32,1
34,1
34,1
35,1
38,1
38,1
39,1
40,1
40,1
40,1
42,1
42,1
42,1
43,1
48,1
49,1
50,1
51,1
52,1
53,1
54,1
55,1
55,1
57,1
58,1
63,1
68,1
75,1
83,1
199,1
